Mutation,Effect on PETase,Score,Source
Y87A,Decreased activity,-1,Han et al. [2]
T88A,Decreased activity,-1,Han et al. [2]
W159[H/A],Decreased activity,-1,Han et al. [2]
S160A *,Decreased activity,-2,Han et al. [2]
M161A,Decreased activity,-1,Han et al. [2]
W185A,Decreased activity,-1,Han et al. [2]
C203S *,Decreased activity/thermostability,-2,Han et al. [2]
I208A,Decreased activity,-1,Han et al. [2]
S214H,Decreased activity,-1,Han et al. [2]
C239S *,Decreased activity/thermostability,-2,Han et al. [2]
Y87A,Decreased activity,-1,Joo et al. [3]
W159[H/A],Decreased activity,-1,Joo et al. [3]
S160A *,Decreased activity,-2,Joo et al. [3]
M161A,Decreased activity,-1,Joo et al. [3]
W185A,Decreased activity,-1,Joo et al. [3]
C203A *,Decreased activity/thermostability,-2,Joo et al. [3]
D206A *,Decreased activity,-2,Joo et al. [3]
I208A,Decreased activity,-1,Joo et al. [3]
H237A *,Decreased activity,-2,Joo et al. [3]
S238F,Decreased activity,-1,Joo et al. [3]
C239A *,Decreased activity/thermostability,-2,Joo et al. [3]
N241A,Decreased activity,-1,Joo et al. [3]
R280A,Increased activity,1,Joo et al. [3]
R90A,Increased activity,1,Ma et al. [4]
L117F,Increased activity,1,Ma et al. [4]
I208F,Increased activity,1,Ma et al. [4]
R280A,Increased activity,1,Son et al. [5]
W159H + S238F,Increased activity,1,Austin et al. [6]
L117F,Increased activity,1,Cui et al. [7]
R280A,Increased activity,1,Cui et al. [7]
T88M,Increased thermostability,1,Tournier et al. [8]
Q119G,Increased thermostability,1,Tournier et al. [8]
S238[I/W],Increased activity,1,Tournier et al. [8]
N241[D/M],Increased thermostability,1,Tournier et al. [8]
N233C + S282C,Increased thermostability,1,Tournier et al. [8]