Name,Mutation (based on signal peptide included),Tm,∆Tm,Expression (mg/L),Protein,Source,Structure PDB ID,Protein sequence,Dataset Description,Signal Peptide,Foldx Structure ? ,esm3 seq embedding?,esm3 structure embedding?,esm2 seq embedding,T5 embedding?,seq filename,struct filename,Activity
WT IsPETase ,-,-,-,-,IsPETase,-,6ILW,QTNPYARGPNPTAASLEASAGPFTVRSFTVSRPSGYGAGTVYYPTNAGGTVGAIAIVPGYTARQSSIKWWGPRLASHGFVVITIDTNSTLDQPSSRSSQQMAALRQVASLNGTSSSPIYGKVDTARMGVMGWSMGGGGSLISAANNPSLKAAAPQAPWDSSTNFSSVTVPTLIFACENDSIAPVNSSALPIYDSMSRNAKQFLEINGGSHSCANSGNSNQALIGKKGVAWMKRFMDNDTRYSTFACENPNSTRVSDFRTANCS,Wild type PETase from Indonella Sakaiensis (Is).,1-27. Removed,,,,,,,,1
F243D,F243D,97.5,,8.96,BhrPETase,Cui,,MQVVLGRVRSAGLLAALLALAAWALVWASPSAEAQSNPYQRGPNPTRSALTTDGPFSVATYSVSRLSVSGFGGGVIYYPTGTTLTFGGIAMSPGYTADASSLAWLGRRLASHGFVVIVINTNSRLDFPDSRASQLSAALNYLRTSSPSAVRARLDANRLAVAGHSMGGGATLRISEQIPTLKAGVPLTPWHTDKTFNTPVPQLIVGAEADTVAPVSQHAIPFYQNLPSTTPKVYVELDNATHDAPNSPNAAISVYTISWMKLWVDNDTRYRQFLCNVNDPALSDFRSNNRHCQ,,,,,,,,BhrPETase_variants_meanembeddings,BhrPETase_7EOA_Repair_1_meanembeddings,
A155R,A155R,67.25 ¬± 0.00,,,CaPETase,Hong et al. ,,MLSFLRSTGRPERRRASLPALLLFTAALVASGLTAAPAAQAADNPYQRGPDPTNASIEAATGPFAVGTQPIVGASGFGGGQIYYPTDTSQTYGAVVIVPGFISVWAQLNWLGPRLASQGFVVIGIETSVITDLPDPRGDQALAALDWATTRSPVRSRIDRTRLAAAGWSMGGGGLRRAALQRPSLKAIVGMAPWNGERNWSAVTVPTLFFGGSSDAVASPNDHAKPFYNSITRAEKDYIELRNADHFFPTSANTTMAKYFISWLKRWVDNDTRYTQFLCPGPSTGLFAPVSASMNTCPF,,,,,,,,CaPETasevariants_meanembeddings,CaPETase_7YM9_Repair_1_meanembeddings,
WT LCC,-,-,-,-,LCC,-,4EB0,DGVLWRVRTAALMAALLALAAWALVWASPSVEAQSNPYQRGPNPTRSALTADGPFSVATYTVSRLSVSGFGGGVIYYPTGTSLTFGGIAMSPGYTADASSLAWLGRRLASHGFVVLVINTNSRFDYPDSRASQLSAALNYLRTSSPSAVRARLDANRLAVAGHSMGGGGTLRIAEQNPSLKAAVPLTPWHTDKTFNTSVPVLIVGAEADTVAPVSQHAIPFYQNLPSTTPKVYVELDNASHFAPNSNNAAISVYTISWMKLWVDNDTRYRQFLCNVNDPALSDFRTNNRHCQ,Leaf cutin cutinase,none,,,,,,,,
S238F/W159H,S238F/W159H ,Tm = 56.5 °C,ΔTm = +9.7 °C,,IsPETase,wei,7OSB,QTNPYARGPNPTAASLEASAGPFTVRSFTVSRPSGYGAGTVYYPTNAGGTVGAIAIVPGYTARQSSIKWWGPRLASHGFVVITIDTNSTLDQPSSRSSQQMAALRQVASLNGTSSSPIYGKVDTARMGVMGWSMGGGGSLISAANNPSLKAAAPQAPWDSSTNFSSVTVPTLIFACENDSIAPVNSSALPIYDSMSRNAKQFLEINGGSHSCANSGNSNQALIGKKGVAWMKRFMDNDTRYETFACENPNSTRVSDFRTANCS,"Wei et al. studied the native IsPETase and reported that it rapidly loses activity above ~40 °C, highlighting its limited thermostability (implying a low Tₘ) and thus constraining its use for higher-temperature PET degradation.",,,,,,,IsPETase_S238FW159H_meanembeddings,IsPETase_S238FW159H_7OSB_Repair_meanembeddings,
ThermoPETase,S121E/D186H/R280A,Tm = 57.6 °C, ΔTm = +8.8 °C,,IsPETase,wei,6IJ6,QTNPYARGPNPTAASLEASAGPFTVRSFTVSRPSGYGAGTVYYPTNAGGTVGAIAIVPGYTARQSSIKWWGPRLASHGFVVITIDTNSTLDQPSSRSSQQMAALRQVASLNGTSSSPIYGKVDTARMGVMGWSMGGGGSLISAANNPSLKAAAPQAPWDSSTNFSSVTVPTLIFACENDSIAPVNSSALPIYDSMSRNAKQFLEINGGSHSCANSGNSNQALIGKKGVAWMKRFMDNDTRYSTFACENPNSTRVSDFRTANCS,,,,,,,,thermopetase_meanembeddings.pkl,thermopetase_6ij6_Repair_meanembeddings,
DuraPETase,A214H/I168R/W159H/S188Q/R280A/A180I/G165A/Q119Y/L17F/T140D,Tm = 77.0 °C,ΔTm = +31.0 °C,,IsPETase,wei,6ky5,QTNPYARGPNPTAASLEASAGPFTVRSFTVSRPSGYGAGTVYYPTNAGGTVGAIAIVPGYTARQSSIKWWGPRLASHGFVVITIDTNSTFDYPSSRSSQQMAALRQVASLNGDSSSPIYGKVDTARMGVMGHSMGGGASLRSAANNPSLKAAIPQAPWDSQTNFSSVTVPTLIFACENDSIAPVNSHALPIYDSMSRNAKQFLEINGGSHSCANSGNSNQALIGKKGVAWMKRFMDNDTRYSTFACENPNSTAVSDFRTANCS,,,,,,,,DuraPETase_meanembeddings,DuraPETase_6KY5_Repair_meanembeddings,
W159H/F229Y,W159H/F229Y,,ΔTm = +10.4 °C,,IsPETase,wei,-,QTNPYARGPNPTAASLEASAGPFTVRSFTVSRPSGYGAGTVYYPTNAGGTVGAIAIVPGYTARQSSIKWWGPRLASHGFVVITIDTNSTLDQPSSRSSQQMAALRQVASLNGTSSSPIYGKVDTARMGVMGHHMGGGGSLISAANNPSLKAAAPQAPWDSSTNFSSVTVPTLIFACENDSIAPVNSSALPIYDSMSRNAKQFLEINGGSHSCANSGNSNQALIGKKGVAWMKRFMDNDTRYSTYACENPNSTRVSDFRTANCS,,,,,,,,IsPETase_W159H_F229Y_meanembeddings,NOT DONE YET,
DuraN233K,A214H/I168R/W159H/S188Q/R280A/A180I/G165A/Q119Y/L17F/T140D/N233K,Tm = 83.5 °C,ΔTm = +38.4 °C,,IsPETase,wei,-,QTNPYARGPNPTAASLEASAGPFTVRSFTVSRPSGYGAGTVYYPTNAGGTVGAIAIVPGYTARQSSIKWWGPRLASHGFVVITIDTNSTFDYPSSRSSQQMAALRQVASLNGDSSSPIYGKVDTARMGVMGHSMGGGASLRSAANNPSLKAAIPQAPWDSQTNFSSVTVPTLIFACENDSIAPVNSHALPIYDSMSRNAKQFLEINGGSHSCANSGNSNQALIGKKGVAWMKRFMDNDTRYSTKACENPNSTAVSDFRTANCS,,,,,,,,DuraN233K_meanembeddings,DuraPETase_6KY5_Repair_1_meanembeddings,
FAST-PETase,S121E/D186H/R280A/R224Q/N233K,Tm = 67.4 °C,ΔTm = +22.3 °C,,IsPETase,wei,7SH6,QTNPYARGPNPTAASLEASAGPFTVRSFTVSRPSGYGAGTVYYPTNAGGTVGAIAIVPGYTARQSSIKWWGPRLASHGFVVITIDTNSTLDQPSSRSSQQMAALRQVASLNGTSSSPIYGKVDTARMGVMGWSMGGGGSLISAANNPSLKAAAPQAPWDSSTNFSSVTVPTLIFACENDSIAPVNSSALPIYDSMSRNAKQFLEINGGSHSCANSGNSNQALIGKKGVAWMKQFMDNDTRYSTEACENPNSTRVSDFRTANCS,,,,,,,,FAST-PETase_meanembeddings,FASTPETase_7SH6_Repair_meanembeddings,
TS-PETase ,S121E/D186H/R280A/N233C/S282C,Tm = 69.4 °C,ΔTm = +22.3 °C,,IsPETase,wei,-,QTNPYARGPNPTAASLEASAGPFTVRSFTVSRPSGYGAGTVYYPTNAGGTVGAIAIVPGYTARQSSIKWWGPRLASHGFVVITIDTNSTLDQPSSRSSQQMAALRQVASLNGTSSSPIYGKVDTARMGVMGWSMGGGGSLISAANNPSLKAAAPQAPWDSSTNFSSVTVPTLIFACENDSIAPVNSSALPIYDSMSRNAKQFLEINGGSHCCANSGNSNQALIGKKGVAWMKRFMDNDTRYSTEACENPNSTRVCDFRTANCS,,,,,,,,TS-PETase_meanembeddings,NOT DONE YET,
TM3,S121E/D186H/R280A/K95N/F201I/N233C/S282C,Tm = 70.8 °C,ΔTm = +25.8 °C,,IsPETase,wei,-,QTNPYARGPNPTAASLEASAGPFTVRSFTVSRPSGYGAGTVYYPTNAGGTVGAIAIVPGYTARQSSIKWWGPRLASHGFVVITIDTNSTLDQPSSRSSQQMAALRQVASLNGTSSSPIYGKVDTARMGVMGWSMGGGGSLISAANNPSLKAAAPQAPWDSSTNFSSVTVPTLIFACENDSIAPVNSSALPIYDSMSRNAKQFLEINGGSHCCANSGNSNQALIGKKGVAWMKQFMDNDTRYSTEACENPNSTRVCDFRTANCS,,,,,,,,TM3-PETase_meanembeddings,NOT DONE YET,
D1,A214H/I168R/W159H/S188Q/R280A/A180I/G165A/Q119Y/L17F/T140D/N233C/S282C,Tm = 81.1 °C,ΔTm = +36.1 °C,,IsPETase,wei,-,QTNPYARGPNPTAASLEASAGPFTVRSFTVSRPSGYGAGTVYYPTNAGGTVGAIAIVPGYTARQSSIKWWGPRLASHGFVVITIDTNSTLDQPSSRSSQQMAALRQVASLNGTSSSPIYGYVDTARMGVMGHSMGGGGSLIRSAANNPSLKAAIPQAPWDSSTNFSSVTVPTLIFACENDSIAPVNSSALPIYDSMSRNAKQFLEINGGSHCCANSGNSNQALIGKKGVAWMKRFMDNDTRYSTYACENPNSTDVCDFRTANCS,,,,,,,,D1-PETase_meanembeddings,NOT DONE YET,
HotPETase,S121E/D186H/R280A/N233C/S282C/P181V/S207R/S214Y/Q119K/S213E/R90T/Q182M/N212K/R224L/S58A/S61V/K95N/M154G/N241C/K252M/T270Q,Tm = 82.5 °C,ΔTm = +37.5 °C,,IsPETase,wei,7QVH,QTNPYARGPNPTAASLEAAAGPFTVRTFTVSRPSGYGAGTVYYPTNAGGTVGAIAIVPGYTARQSSIKWWGPRLASHGFVVITIDTNSTLDQPSSRSSQQMAALRQVASLNGTSSSPIYKGKDTARGGVMGWSMGGGGSLISAANNPSLKAAAPQAPWDSSTNFSSVTVPTLIFACENDSIAPVNSSALPIYDSMSRNAKQFLEINGGSHCCANSGNSNQALIGKKGVAWMKQFMDNDTRYEKEACENPNSTRVCDFRLANCS,,,,,,,,HOT-PETase_meanembeddings,hotPETase_7QVH_Repair_meanembeddings,
A192T,A192T,61.24 ¬± 0.10,,,CaPETase,Hong et al. ,,MLSFLRSTGRPERRRASLPALLLFTAALVASGLTAAPAAQAADNPYQRGPDPTNASIEAATGPFAVGTQPIVGASGFGGGQIYYPTDTSQTYGAVVIVPGFISVWAQLNWLGPRLASQGFVVIGIETSVITDLPDPRGDQALAALDWATTRSPVASRIDRTRLAAAGWSMGGGGLRRAALQRPSLKAIVGMTPWNGERNWSAVTVPTLFFGGSSDAVASPNDHAKPFYNSITRAEKDYIELRNADHFFPTSANTTMAKYFISWLKRWVDNDTRYTQFLCPGPSTGLFAPVSASMNTCPF,,,,,,,,CaPETasevariants_meanembeddings,CaPETase_7YM9_Repair_2_meanembeddings,
A252N,A252N,65.83 ¬± 0.10,,,CaPETase,Hong et al. ,,MLSFLRSTGRPERRRASLPALLLFTAALVASGLTAAPAAQAADNPYQRGPDPTNASIEAATGPFAVGTQPIVGASGFGGGQIYYPTDTSQTYGAVVIVPGFISVWAQLNWLGPRLASQGFVVIGIETSVITDLPDPRGDQALAALDWATTRSPVASRIDRTRLAAAGWSMGGGGLRRAALQRPSLKAIVGMAPWNGERNWSAVTVPTLFFGGSSDAVASPNDHAKPFYNSITRAEKDYIELRNADHFFPTSNNTTMAKYFISWLKRWVDNDTRYTQFLCPGPSTGLFAPVSASMNTCPF,,,,,,,,CaPETasevariants_meanembeddings,CaPETase_7YM9_Repair_3_meanembeddings,
A257S,A257S,65.63 ¬± 0.10,,,CaPETase,Hong et al. ,,MLSFLRSTGRPERRRASLPALLLFTAALVASGLTAAPAAQAADNPYQRGPDPTNASIEAATGPFAVGTQPIVGASGFGGGQIYYPTDTSQTYGAVVIVPGFISVWAQLNWLGPRLASQGFVVIGIETSVITDLPDPRGDQALAALDWATTRSPVASRIDRTRLAAAGWSMGGGGLRRAALQRPSLKAIVGMAPWNGERNWSAVTVPTLFFGGSSDAVASPNDHAKPFYNSITRAEKDYIELRNADHFFPTSANTTMSKYFISWLKRWVDNDTRYTQFLCPGPSTGLFAPVSASMNTCPF,,,,,,,,CaPETasevariants_meanembeddings,CaPETase_7YM9_Repair_4_meanembeddings,
G76C/A143C,,63.69 ¬± 0.10,,,CaPETase,Hong et al. ,,MLSFLRSTGRPERRRASLPALLLFTAALVASGLTAAPAAQAADNPYQRGPDPTNASIEAATGPFAVGTQPIVGASCFGGGQIYYPTDTSQTYGAVVIVPGFISVWAQLNWLGPRLASQGFVVIGIETSVITDLPDPRGDQALCALDWATTRSPVASRIDRTRLAAAGWSMGGGGLRRAALQRPSLKAIVGMAPWNGERNWSAVTVPTLFFGGSSDAVASPNDHAKPFYNSITRAEKDYIELRNADHFFPTSANTTMAKYFISWLKRWVDNDTRYTQFLCPGPSTGLFAPVSASMNTCPF,,,,,,,,CaPETasevariants_meanembeddings,CaPETase_7YM9_Repair_5_meanembeddings,
L180C/A202C,L180C/A202C,69.51 ¬± 0.31,,,CaPETase,Hong et al. ,,MLSFLRSTGRPERRRASLPALLLFTAALVASGLTAAPAAQAADNPYQRGPDPTNASIEAATGPFAVGTQPIVGASGFGGGQIYYPTDTSQTYGAVVIVPGFISVWAQLNWLGPRLASQGFVVIGIETSVITDLPDPRGDQALAALDWATTRSPVASRIDRTRLAAAGWSMGGGGLRRAACQRPSLKAIVGMAPWNGERNWSCVTVPTLFFGGSSDAVASPNDHAKPFYNSITRAEKDYIELRNADHFFPTSANTTMAKYFISWLKRWVDNDTRYTQFLCPGPSTGLFAPVSASMNTCPF,,,,,,,,CaPETasevariants_meanembeddings,CaPETase_7YM9_Repair_6_meanembeddings,
M294R,M294R,62.51 ¬± 0.10,,,CaPETase,Hong et al. ,,MLSFLRSTGRPERRRASLPALLLFTAALVASGLTAAPAAQAADNPYQRGPDPTNASIEAATGPFAVGTQPIVGASGFGGGQIYYPTDTSQTYGAVVIVPGFISVWAQLNWLGPRLASQGFVVIGIETSVITDLPDPRGDQALAALDWATTRSPVASRIDRTRLAAAGWSMGGGGLRRAALQRPSLKAIVGMAPWNGERNWSAVTVPTLFFGGSSDAVASPNDHAKPFYNSITRAEKDYIELRNADHFFPTSANTTMAKYFISWLKRWVDNDTRYTQFLCPGPSTGLFAPVSASRNTCPF,,,,,,,,CaPETasevariants_meanembeddings,CaPETase_7YM9_Repair_7_meanembeddings,
N109A,N109A,70.02 ¬± 0.10,,,CaPETase,Hong et al. ,,MLSFLRSTGRPERRRASLPALLLFTAALVASGLTAAPAAQAADNPYQRGPDPTNASIEAATGPFAVGTQPIVGASGFGGGQIYYPTDTSQTYGAVVIVPGFISVWAQLAWLGPRLASQGFVVIGIETSVITDLPDPRGDQALAALDWATTRSPVASRIDRTRLAAAGWSMGGGGLRRAALQRPSLKAIVGMAPWNGERNWSAVTVPTLFFGGSSDAVASPNDHAKPFYNSITRAEKDYIELRNADHFFPTSANTTMAKYFISWLKRWVDNDTRYTQFLCPGPSTGLFAPVSASMNTCPF,,,,,,,,CaPETasevariants_meanembeddings,CaPETase_7YM9_Repair_8_meanembeddings,
P136S,P136S,68.08 ¬± 0.10,,,CaPETase,Hong et al. ,,MLSFLRSTGRPERRRASLPALLLFTAALVASGLTAAPAAQAADNPYQRGPDPTNASIEAATGPFAVGTQPIVGASGFGGGQIYYPTDTSQTYGAVVIVPGFISVWAQLNWLGPRLASQGFVVIGIETSVITDLPDSRGDQALAALDWATTRSPVASRIDRTRLAAAGWSMGGGGLRRAALQRPSLKAIVGMAPWNGERNWSAVTVPTLFFGGSSDAVASPNDHAKPFYNSITRAEKDYIELRNADHFFPTSANTTMAKYFISWLKRWVDNDTRYTQFLCPGPSTGLFAPVSASMNTCPF,,,,,,,,CaPETasevariants_meanembeddings,CaPETase_7YM9_Repair_9_meanembeddings,
R151A,R151A,66.95 ¬± 0.00,,,CaPETase,Hong et al. ,,MLSFLRSTGRPERRRASLPALLLFTAALVASGLTAAPAAQAADNPYQRGPDPTNASIEAATGPFAVGTQPIVGASGFGGGQIYYPTDTSQTYGAVVIVPGFISVWAQLNWLGPRLASQGFVVIGIETSVITDLPDPRGDQALAALDWATTASPVASRIDRTRLAAAGWSMGGGGLRRAALQRPSLKAIVGMAPWNGERNWSAVTVPTLFFGGSSDAVASPNDHAKPFYNSITRAEKDYIELRNADHFFPTSANTTMAKYFISWLKRWVDNDTRYTQFLCPGPSTGLFAPVSASMNTCPF,,,,,,,,CaPETasevariants_meanembeddings,CaPETase_7YM9_Repair_10_meanembeddings,
R157A,R157A,65.40 ¬± 0.10,,,CaPETase,Hong et al. ,,MLSFLRSTGRPERRRASLPALLLFTAALVASGLTAAPAAQAADNPYQRGPDPTNASIEAATGPFAVGTQPIVGASGFGGGQIYYPTDTSQTYGAVVIVPGFISVWAQLNWLGPRLASQGFVVIGIETSVITDLPDPRGDQALAALDWATTRSPVASAIDRTRLAAAGWSMGGGGLRRAALQRPSLKAIVGMAPWNGERNWSAVTVPTLFFGGSSDAVASPNDHAKPFYNSITRAEKDYIELRNADHFFPTSANTTMAKYFISWLKRWVDNDTRYTQFLCPGPSTGLFAPVSASMNTCPF,,,,,,,,CaPETasevariants_meanembeddings,CaPETase_7YM9_Repair_11_meanembeddings,
R160A,R160A,66.64 ¬± 0.10,,,CaPETase,Hong et al. ,,MLSFLRSTGRPERRRASLPALLLFTAALVASGLTAAPAAQAADNPYQRGPDPTNASIEAATGPFAVGTQPIVGASGFGGGQIYYPTDTSQTYGAVVIVPGFISVWAQLNWLGPRLASQGFVVIGIETSVITDLPDPRGDQALAALDWATTRSPVASRIDATRLAAAGWSMGGGGLRRAALQRPSLKAIVGMAPWNGERNWSAVTVPTLFFGGSSDAVASPNDHAKPFYNSITRAEKDYIELRNADHFFPTSANTTMAKYFISWLKRWVDNDTRYTQFLCPGPSTGLFAPVSASMNTCPF,,,,,,,,CaPETasevariants_meanembeddings,CaPETase_7YM9_Repair_12_meanembeddings,
R198K,R198K,68.69 ¬± 0.10,,,CaPETase,Hong et al. ,,MLSFLRSTGRPERRRASLPALLLFTAALVASGLTAAPAAQAADNPYQRGPDPTNASIEAATGPFAVGTQPIVGASGFGGGQIYYPTDTSQTYGAVVIVPGFISVWAQLNWLGPRLASQGFVVIGIETSVITDLPDPRGDQALAALDWATTRSPVASRIDRTRLAAAGWSMGGGGLRRAALQRPSLKAIVGMAPWNGEKNWSAVTVPTLFFGGSSDAVASPNDHAKPFYNSITRAEKDYIELRNADHFFPTSANTTMAKYFISWLKRWVDNDTRYTQFLCPGPSTGLFAPVSASMNTCPF,,,,,,,,CaPETasevariants_meanembeddings,CaPETase_7YM9_Repair_13_meanembeddings,
R233A,R233A,64.96 ¬± 0.10,,,CaPETase,Hong et al. ,,MLSFLRSTGRPERRRASLPALLLFTAALVASGLTAAPAAQAADNPYQRGPDPTNASIEAATGPFAVGTQPIVGASGFGGGQIYYPTDTSQTYGAVVIVPGFISVWAQLNWLGPRLASQGFVVIGIETSVITDLPDPRGDQALAALDWATTRSPVASRIDRTRLAAAGWSMGGGGLRRAALQRPSLKAIVGMAPWNGERNWSAVTVPTLFFGGSSDAVASPNDHAKPFYNSITAAEKDYIELRNADHFFPTSANTTMAKYFISWLKRWVDNDTRYTQFLCPGPSTGLFAPVSASMNTCPF,,,,,,,,CaPETasevariants_meanembeddings,CaPETase_7YM9_Repair_14_meanembeddings,
R242C/S291C,R242C/S291C,69.91 ¬± 0.10,,,CaPETase,Hong et al. ,,MLSFLRSTGRPERRRASLPALLLFTAALVASGLTAAPAAQAADNPYQRGPDPTNASIEAATGPFAVGTQPIVGASGFGGGQIYYPTDTSQTYGAVVIVPGFISVWAQLNWLGPRLASQGFVVIGIETSVITDLPDPRGDQALAALDWATTRSPVASRIDRTRLAAAGWSMGGGGLRRAALQRPSLKAIVGMAPWNGERNWSAVTVPTLFFGGSSDAVASPNDHAKPFYNSITRAEKDYIELCNADHFFPTSANTTMAKYFISWLKRWVDNDTRYTQFLCPGPSTGLFAPVCASMNTCPF,,,,,,,,CaPETasevariants_meanembeddings,CaPETase_7YM9_Repair_15_meanembeddings,
T204C/R233C,T204C/R233C,62.86 ¬± 0.20,,,CaPETase,Hong et al. ,,MLSFLRSTGRPERRRASLPALLLFTAALVASGLTAAPAAQAADNPYQRGPDPTNASIEAATGPFAVGTQPIVGASGFGGGQIYYPTDTSQTYGAVVIVPGFISVWAQLNWLGPRLASQGFVVIGIETSVITDLPDPRGDQALAALDWATTRSPVASRIDRTRLAAAGWSMGGGGLRRAALQRPSLKAIVGMAPWNGERNWSAVCVPTLFFGGSSDAVASPNDHAKPFYNSITCAEKDYIELRNADHFFPTSANTTMAKYFISWLKRWVDNDTRYTQFLCPGPSTGLFAPVSASMNTCPF,,,,,,,,CaPETasevariants_meanembeddings,CaPETase_7YM9_Repair_16_meanembeddings,
T250N,T250N,58.56 ¬± 0.00,,,CaPETase,Hong et al. ,,MLSFLRSTGRPERRRASLPALLLFTAALVASGLTAAPAAQAADNPYQRGPDPTNASIEAATGPFAVGTQPIVGASGFGGGQIYYPTDTSQTYGAVVIVPGFISVWAQLNWLGPRLASQGFVVIGIETSVITDLPDPRGDQALAALDWATTRSPVASRIDRTRLAAAGWSMGGGGLRRAALQRPSLKAIVGMAPWNGERNWSAVTVPTLFFGGSSDAVASPNDHAKPFYNSITRAEKDYIELRNADHFFPNSANTTMAKYFISWLKRWVDNDTRYTQFLCPGPSTGLFAPVSASMNTCPF,"Hong et al. (on the newly discovered enzyme from Cryptosporangium aurantiacum, “CaPETase”) identified a candidate with a baseline Tₘ around 66.8 °C, then engineered a variant with a Tₘ of 83.2 °C and greatly improved activity at 60 °C.",,,,,,,CaPETasevariants_meanembeddings,CaPETase_7YM9_Repair_17_meanembeddings,
T275R,T275R,63.25 ¬± 0.10,,,CaPETase,Hong et al. ,,MLSFLRSTGRPERRRASLPALLLFTAALVASGLTAAPAAQAADNPYQRGPDPTNASIEAATGPFAVGTQPIVGASGFGGGQIYYPTDTSQTYGAVVIVPGFISVWAQLNWLGPRLASQGFVVIGIETSVITDLPDPRGDQALAALDWATTRSPVASRIDRTRLAAAGWSMGGGGLRRAALQRPSLKAIVGMAPWNGERNWSAVTVPTLFFGGSSDAVASPNDHAKPFYNSITRAEKDYIELRNADHFFPTSANTTMAKYFISWLKRWVDNDTRYRQFLCPGPSTGLFAPVSASMNTCPF,,,,,,,,CaPETasevariants_meanembeddings,CaPETase_7YM9_Repair_18_meanembeddings,
T86R,T86R,65.32 ¬± 0.20,,,CaPETase,Hong et al. ,,MLSFLRSTGRPERRRASLPALLLFTAALVASGLTAAPAAQAADNPYQRGPDPTNASIEAATGPFAVGTQPIVGASGFGGGQIYYPRDTSQTYGAVVIVPGFISVWAQLNWLGPRLASQGFVVIGIETSVITDLPDPRGDQALAALDWATTRSPVASRIDRTRLAAAGWSMGGGGLRRAALQRPSLKAIVGMAPWNGERNWSAVTVPTLFFGGSSDAVASPNDHAKPFYNSITRAEKDYIELRNADHFFPTSANTTMAKYFISWLKRWVDNDTRYTQFLCPGPSTGLFAPVSASMNTCPF,,,,,,,,CaPETasevariants_meanembeddings,CaPETase_7YM9_Repair_19_meanembeddings,
V129T,V129T,69.51 ¬± 0.10,,,CaPETase,Hong et al. ,,MLSFLRSTGRPERRRASLPALLLFTAALVASGLTAAPAAQAADNPYQRGPDPTNASIEAATGPFAVGTQPIVGASGFGGGQIYYPTDTSQTYGAVVIVPGFISVWAQLNWLGPRLASQGFVVIGIETSTITDLPDPRGDQALAALDWATTRSPVASRIDRTRLAAAGWSMGGGGLRRAALQRPSLKAIVGMAPWNGERNWSAVTVPTLFFGGSSDAVASPNDHAKPFYNSITRAEKDYIELRNADHFFPTSANTTMAKYFISWLKRWVDNDTRYTQFLCPGPSTGLFAPVSASMNTCPF,,,,,,,,CaPETasevariants_meanembeddings,CaPETase_7YM9_Repair_20_meanembeddings,
V203T,V203T,60.48 ¬± 0.10,,,CaPETase,Hong et al. ,,MLSFLRSTGRPERRRASLPALLLFTAALVASGLTAAPAAQAADNPYQRGPDPTNASIEAATGPFAVGTQPIVGASGFGGGQIYYPTDTSQTYGAVVIVPGFISVWAQLNWLGPRLASQGFVVIGIETSVITDLPDPRGDQALAALDWATTRSPVASRIDRTRLAAAGWSMGGGGLRRAALQRPSLKAIVGMAPWNGERNWSATTVPTLFFGGSSDAVASPNDHAKPFYNSITRAEKDYIELRNADHFFPTSANTTMAKYFISWLKRWVDNDTRYTQFLCPGPSTGLFAPVSASMNTCPF,,,,,,,,CaPETasevariants_meanembeddings,CaPETase_7YM9_Repair_21_meanembeddings,
WT CaPETase,-,-,-,-,CaPETase,-,7YM9,MLSFLRSTGRPERRRASLPALLLFTAALVASGLTAAPAAQAADNPYQRGPDPTNASIEAATGPFAVGTQPIVGASGFGGGQIYYPTDTSQTYGAVVIVPGFISVWAQLNWLGPRLASQGFVVIGIETSVITDLPDPRGDQALAALDWATTRSPVASRIDRTRLAAAGWSMGGGGLRRAALQRPSLKAIVGMAPWNGERNWSAVTVPTLFFGGSSDAVASPNDHAKPFYNSITRAEKDYIELRNADHFFPTSANTTMAKYFISWLKRWVDNDTRYTQFLCPGPSTGLFAPVSASMNTCPF,Wild type homolog of IsPETase found in Cryptosporangium aurantiacum (Ca),none,,,,,,,,
WT_S121E,S121E,50.2,,6.7,IsPETase,Lu et al. ,,QTNPYARGPNPTAASLEASAGPFTVRSFTVSRPSGYGAGTVYYPTNAGGTVGAIAIVPGYTARQSSIKWWGPRLASHGFVVITIDTNSTLDQPESRSSQQMAALRQVASLNGTSSSPIYGKVDTARMGVMGWSMGGGGSLISAANNPSLKAAAPQAPWDSSTNFSSVTVPTLIFACENDSIAPVNSSALPIYDSMSRNAKQFLEINGGSHSCANSGNSNQALIGKKGVAWMKRFMDNDTRYSTFACENPNSTRVSDFRTANCS,"Lu et al. (on FAST‑PETase) applied machine-learning guided engineering to improve both stability and activity of PETase; while full Tₘ numbers are less emphasized, review data list FAST-PETase among variants with elevated Tₘ (though still lower than more thermophilic cutinases) and improved solubility/yield.",,,,,,,all_petase_variants_meanembeddings,wtIsPETase_6ilw_Repair_14_meanembeddings,
WT_T140D,T140D,49.8,,7.3,IsPETase,Lu et al. ,,QTNPYARGPNPTAASLEASAGPFTVRSFTVSRPSGYGAGTVYYPTNAGGTVGAIAIVPGYTARQSSIKWWGPRLASHGFVVITIDTNSTLDQPSSRSSQQMAALRQVASLNGDSSSPIYGKVDTARMGVMGWSMGGGGSLISAANNPSLKAAAPQAPWDSSTNFSSVTVPTLIFACENDSIAPVNSSALPIYDSMSRNAKQFLEINGGSHSCANSGNSNQALIGKKGVAWMKRFMDNDTRYSTFACENPNSTRVSDFRTANCS,,,,,,,,all_petase_variants_meanembeddings,wtIsPETase_6ilw_Repair_22_meanembeddings,
WT_R224Q,R224Q,37.5,,6.3,IsPETase,Lu et al. ,,QTNPYARGPNPTAASLEASAGPFTVRSFTVSRPSGYGAGTVYYPTNAGGTVGAIAIVPGYTARQSSIKWWGPRLASHGFVVITIDTNSTLDQPSSRSSQQMAALRQVASLNGTSSSPIYGKVDTARMGVMGWSMGGGGSLISAANNPSLKAAAPQAPWDSSTNFSSVTVPTLIFACENDSIAPVNSSALPIYDSMSQNAKQFLEINGGSHSCANSGNSNQALIGKKGVAWMKRFMDNDTRYSTFACENPNSTRVSDFRTANCS,,,,,,,,all_petase_variants_meanembeddings,wtIsPETase_6ilw_Repair_12_meanembeddings,
WT_N233K,N233K,57.9,,5.2,IsPETase,Lu et al. ,,QTNPYARGPNPTAASLEASAGPFTVRSFTVSRPSGYGAGTVYYPTNAGGTVGAIAIVPGYTARQSSIKWWGPRLASHGFVVITIDTNSTLDQPSSRSSQQMAALRQVASLNGTSSSPIYGKVDTARMGVMGWSMGGGGSLISAANNPSLKAAAPQAPWDSSTNFSSVTVPTLIFACENDSIAPVNSSALPIYDSMSRNAKQFLEIKGGSHSCANSGNSNQALIGKKGVAWMKRFMDNDTRYSTFACENPNSTRVSDFRTANCS,,,,,,,,all_petase_variants_meanembeddings,wtIsPETase_6ilw_Repair_11_meanembeddings,
WT_S121E+T140D,S121E+T140D,49.1,,8.9,IsPETase,Lu et al. ,,QTNPYARGPNPTAASLEASAGPFTVRSFTVSRPSGYGAGTVYYPTNAGGTVGAIAIVPGYTARQSSIKWWGPRLASHGFVVITIDTNSTLDQPESRSSQQMAALRQVASLNGDSSSPIYGKVDTARMGVMGWSMGGGGSLISAANNPSLKAAAPQAPWDSSTNFSSVTVPTLIFACENDSIAPVNSSALPIYDSMSRNAKQFLEINGGSHSCANSGNSNQALIGKKGVAWMKRFMDNDTRYSTFACENPNSTRVSDFRTANCS,,,,,,,,all_petase_variants_meanembeddings,wtIsPETase_6ilw_Repair_18_meanembeddings,
WT_S121E+R224Q,S121E+R224Q,37.8,,5.2,IsPETase,Lu et al. ,,QTNPYARGPNPTAASLEASAGPFTVRSFTVSRPSGYGAGTVYYPTNAGGTVGAIAIVPGYTARQSSIKWWGPRLASHGFVVITIDTNSTLDQPESRSSQQMAALRQVASLNGTSSSPIYGKVDTARMGVMGWSMGGGGSLISAANNPSLKAAAPQAPWDSSTNFSSVTVPTLIFACENDSIAPVNSSALPIYDSMSQNAKQFLEINGGSHSCANSGNSNQALIGKKGVAWMKRFMDNDTRYSTFACENPNSTRVSDFRTANCS,,,,,,,,all_petase_variants_meanembeddings,wtIsPETase_6ilw_Repair_16_meanembeddings,
WT_S121E+N233K,S121E+N233K,57,,5.5,IsPETase,Lu et al. ,,QTNPYARGPNPTAASLEASAGPFTVRSFTVSRPSGYGAGTVYYPTNAGGTVGAIAIVPGYTARQSSIKWWGPRLASHGFVVITIDTNSTLDQPESRSSQQMAALRQVASLNGTSSSPIYGKVDTARMGVMGWSMGGGGSLISAANNPSLKAAAPQAPWDSSTNFSSVTVPTLIFACENDSIAPVNSSALPIYDSMSRNAKQFLEIKGGSHSCANSGNSNQALIGKKGVAWMKRFMDNDTRYSTFACENPNSTRVSDFRTANCS,,,,,,,,all_petase_variants_meanembeddings,wtIsPETase_6ilw_Repair_15_meanembeddings,
WT_T140D+R224Q,T140D+R224Q,49.7,,7.3,IsPETase,Lu et al. ,,QTNPYARGPNPTAASLEASAGPFTVRSFTVSRPSGYGAGTVYYPTNAGGTVGAIAIVPGYTARQSSIKWWGPRLASHGFVVITIDTNSTLDQPSSRSSQQMAALRQVASLNGDSSSPIYGKVDTARMGVMGWSMGGGGSLISAANNPSLKAAAPQAPWDSSTNFSSVTVPTLIFACENDSIAPVNSSALPIYDSMSQNAKQFLEINGGSHSCANSGNSNQALIGKKGVAWMKRFMDNDTRYSTFACENPNSTRVSDFRTANCS,,,,,,,,all_petase_variants_meanembeddings,wtIsPETase_6ilw_Repair_24_meanembeddings,
WT_T140D+N233K,T140D+N233K,58.1,,9.2,IsPETase,Lu et al. ,,QTNPYARGPNPTAASLEASAGPFTVRSFTVSRPSGYGAGTVYYPTNAGGTVGAIAIVPGYTARQSSIKWWGPRLASHGFVVITIDTNSTLDQPSSRSSQQMAALRQVASLNGDSSSPIYGKVDTARMGVMGWSMGGGGSLISAANNPSLKAAAPQAPWDSSTNFSSVTVPTLIFACENDSIAPVNSSALPIYDSMSRNAKQFLEIKGGSHSCANSGNSNQALIGKKGVAWMKRFMDNDTRYSTFACENPNSTRVSDFRTANCS,,,,,,,,all_petase_variants_meanembeddings,wtIsPETase_6ilw_Repair_23_meanembeddings,
WT_R224Q+N233K,R224Q+N233K,57.3,,4.6,IsPETase,Lu et al. ,,QTNPYARGPNPTAASLEASAGPFTVRSFTVSRPSGYGAGTVYYPTNAGGTVGAIAIVPGYTARQSSIKWWGPRLASHGFVVITIDTNSTLDQPSSRSSQQMAALRQVASLNGTSSSPIYGKVDTARMGVMGWSMGGGGSLISAANNPSLKAAAPQAPWDSSTNFSSVTVPTLIFACENDSIAPVNSSALPIYDSMSQNAKQFLEIKGGSHSCANSGNSNQALIGKKGVAWMKRFMDNDTRYSTFACENPNSTRVSDFRTANCS,,,,,,,,all_petase_variants_meanembeddings,wtIsPETase_6ilw_Repair_13_meanembeddings,
WT_S121E+T140D+R224Q,S121E+T140D+R224Q,48,,8.4,IsPETase,Lu et al. ,,QTNPYARGPNPTAASLEASAGPFTVRSFTVSRPSGYGAGTVYYPTNAGGTVGAIAIVPGYTARQSSIKWWGPRLASHGFVVITIDTNSTLDQPESRSSQQMAALRQVASLNGDSSSPIYGKVDTARMGVMGWSMGGGGSLISAANNPSLKAAAPQAPWDSSTNFSSVTVPTLIFACENDSIAPVNSSALPIYDSMSQNAKQFLEINGGSHSCANSGNSNQALIGKKGVAWMKRFMDNDTRYSTFACENPNSTRVSDFRTANCS,,,,,,,,all_petase_variants_meanembeddings,wtIsPETase_6ilw_Repair_20_meanembeddings,
WT_S121E+T140D+N233K,S121E+T140D+N233K,57.7,,13.7,IsPETase,Lu et al. ,,QTNPYARGPNPTAASLEASAGPFTVRSFTVSRPSGYGAGTVYYPTNAGGTVGAIAIVPGYTARQSSIKWWGPRLASHGFVVITIDTNSTLDQPESRSSQQMAALRQVASLNGDSSSPIYGKVDTARMGVMGWSMGGGGSLISAANNPSLKAAAPQAPWDSSTNFSSVTVPTLIFACENDSIAPVNSSALPIYDSMSRNAKQFLEIKGGSHSCANSGNSNQALIGKKGVAWMKRFMDNDTRYSTFACENPNSTRVSDFRTANCS,,,,,,,,all_petase_variants_meanembeddings,wtIsPETase_6ilw_Repair_19_meanembeddings,
WT_S121E+R224Q+N233K,S121E+R224Q+N233K,56.8,,6.1,IsPETase,Lu et al. ,,QTNPYARGPNPTAASLEASAGPFTVRSFTVSRPSGYGAGTVYYPTNAGGTVGAIAIVPGYTARQSSIKWWGPRLASHGFVVITIDTNSTLDQPESRSSQQMAALRQVASLNGTSSSPIYGKVDTARMGVMGWSMGGGGSLISAANNPSLKAAAPQAPWDSSTNFSSVTVPTLIFACENDSIAPVNSSALPIYDSMSQNAKQFLEIKGGSHSCANSGNSNQALIGKKGVAWMKRFMDNDTRYSTFACENPNSTRVSDFRTANCS,,,,,,,,all_petase_variants_meanembeddings,wtIsPETase_6ilw_Repair_17_meanembeddings,
WT_T140D+R224Q+N233K,T140D+R224Q+N233K,57.5,,8.1,IsPETase,Lu et al. ,,QTNPYARGPNPTAASLEASAGPFTVRSFTVSRPSGYGAGTVYYPTNAGGTVGAIAIVPGYTARQSSIKWWGPRLASHGFVVITIDTNSTLDQPSSRSSQQMAALRQVASLNGDSSSPIYGKVDTARMGVMGWSMGGGGSLISAANNPSLKAAAPQAPWDSSTNFSSVTVPTLIFACENDSIAPVNSSALPIYDSMSQNAKQFLEIKGGSHSCANSGNSNQALIGKKGVAWMKRFMDNDTRYSTFACENPNSTRVSDFRTANCS,,,,,,,,all_petase_variants_meanembeddings,wtIsPETase_6ilw_Repair_25_meanembeddings,
WT_S121E+T140D+R224Q+N233K,S121E+T140D+R224Q+N233K,56.9,,11.8,IsPETase,Lu et al. ,,QTNPYARGPNPTAASLEASAGPFTVRSFTVSRPSGYGAGTVYYPTNAGGTVGAIAIVPGYTARQSSIKWWGPRLASHGFVVITIDTNSTLDQPESRSSQQMAALRQVASLNGDSSSPIYGKVDTARMGVMGWSMGGGGSLISAANNPSLKAAAPQAPWDSSTNFSSVTVPTLIFACENDSIAPVNSSALPIYDSMSQNAKQFLEIKGGSHSCANSGNSNQALIGKKGVAWMKRFMDNDTRYSTFACENPNSTRVSDFRTANCS,,,,,,,,all_petase_variants_meanembeddings,wtIsPETase_6ilw_Repair_21_meanembeddings,
Thermo,S121E/D186H/R280A,58.6,,11.2,IsPETase,Lu et al. ,6IJ6,QTNPYARGPNPTAASLEASAGPFTVRSFTVSRPSGYGAGTVYYPTNAGGTVGAIAIVPGYTARQSSIKWWGPRLASHGFVVITIDTNSTLDQPESRSSQQMAALRQVASLNGTSSSPIYGKVDTARMGVMGWSMGGGGSLISAANNPSLKAAAPQAPWHSSTNFSSVTVPTLIFACENDSIAPVNSSALPIYDSMSRNAKQFLEINGGSHSCANSGNSNQALIGKKGVAWMKRFMDNDTRYSTFACENPNSTAVSDFRTANCS,,,,,,,,thermopetase_meanembeddings,thermopetase_6ij6_Repair_meanembeddings,
Thermo_T140D,S121E/D186H/R280A/T140D,60.8,,19.9,IsPETase,Lu et al. ,,QTNPYARGPNPTAASLEASAGPFTVRSFTVSRPSGYGAGTVYYPTNAGGTVGAIAIVPGYTARQSSIKWWGPRLASHGFVVITIDTNSTLDQPESRSSQQMAALRQVASLNGDSSSPIYGKVDTARMGVMGWSMGGGGSLISAANNPSLKAAAPQAPWHSSTNFSSVTVPTLIFACENDSIAPVNSSALPIYDSMSRNAKQFLEINGGSHSCANSGNSNQALIGKKGVAWMKRFMDNDTRYSTFACENPNSTAVSDFRTANCS,,,,,,,,CONFIRM ITS INSIDE thermopetase_meanembeddings,thermopetase_6ij6_Repair_4_meanembeddings,
Thermo_R224Q,S121E/D186H/R280A/R224Q,59.8,,17.2,IsPETase,Lu et al. ,,QTNPYARGPNPTAASLEASAGPFTVRSFTVSRPSGYGAGTVYYPTNAGGTVGAIAIVPGYTARQSSIKWWGPRLASHGFVVITIDTNSTLDQPESRSSQQMAALRQVASLNGTSSSPIYGKVDTARMGVMGWSMGGGGSLISAANNPSLKAAAPQAPWHSSTNFSSVTVPTLIFACENDSIAPVNSSALPIYDSMSQNAKQFLEINGGSHSCANSGNSNQALIGKKGVAWMKRFMDNDTRYSTFACENPNSTAVSDFRTANCS,,,,,,,,CONFIRM ITS INSIDE thermopetase_meanembeddings,thermopetase_6ij6_Repair_2_meanembeddings,
Thermo_N233K,S121E/D186H/R280A/N233K,67.2,,15.2,IsPETase,Lu et al. ,,QTNPYARGPNPTAASLEASAGPFTVRSFTVSRPSGYGAGTVYYPTNAGGTVGAIAIVPGYTARQSSIKWWGPRLASHGFVVITIDTNSTLDQPESRSSQQMAALRQVASLNGTSSSPIYGKVDTARMGVMGWSMGGGGSLISAANNPSLKAAAPQAPWHSSTNFSSVTVPTLIFACENDSIAPVNSSALPIYDSMSRNAKQFLEIKGGSHSCANSGNSNQALIGKKGVAWMKRFMDNDTRYSTFACENPNSTAVSDFRTANCS,,,,,,,,CONFIRM ITS INSIDE thermopetase_meanembeddings,thermopetase_6ij6_Repair_1_meanembeddings,
Thermo_T140D+R224Q,S121E/D186H/R280A/T140D/R224Q,62,,18,IsPETase,Lu et al. ,,QTNPYARGPNPTAASLEASAGPFTVRSFTVSRPSGYGAGTVYYPTNAGGTVGAIAIVPGYTARQSSIKWWGPRLASHGFVVITIDTNSTLDQPESRSSQQMAALRQVASLNGDSSSPIYGKVDTARMGVMGWSMGGGGSLISAANNPSLKAAAPQAPWHSSTNFSSVTVPTLIFACENDSIAPVNSSALPIYDSMSQNAKQFLEINGGSHSCANSGNSNQALIGKKGVAWMKRFMDNDTRYSTFACENPNSTAVSDFRTANCS,,,,,,,,CONFIRM ITS INSIDE thermopetase_meanembeddings,thermopetase_6ij6_Repair_6_meanembeddings,
Thermo_T140D+N233K,S121E/D186H/R280A/T140D/N233K,66.7,,15.5,IsPETase,Lu et al. ,,QTNPYARGPNPTAASLEASAGPFTVRSFTVSRPSGYGAGTVYYPTNAGGTVGAIAIVPGYTARQSSIKWWGPRLASHGFVVITIDTNSTLDQPESRSSQQMAALRQVASLNGDSSSPIYGKVDTARMGVMGWSMGGGGSLISAANNPSLKAAAPQAPWHSSTNFSSVTVPTLIFACENDSIAPVNSSALPIYDSMSRNAKQFLEIKGGSHSCANSGNSNQALIGKKGVAWMKRFMDNDTRYSTFACENPNSTAVSDFRTANCS,,,,,,,,CONFIRM ITS INSIDE thermopetase_meanembeddings,thermopetase_6ij6_Repair_5_meanembeddings,
Thermo_R224Q+N233K,S121E/D186H/R280A/R224Q/N233K,67.1,,27.2,IsPETase,Lu et al. ,,QTNPYARGPNPTAASLEASAGPFTVRSFTVSRPSGYGAGTVYYPTNAGGTVGAIAIVPGYTARQSSIKWWGPRLASHGFVVITIDTNSTLDQPESRSSQQMAALRQVASLNGTSSSPIYGKVDTARMGVMGWSMGGGGSLISAANNPSLKAAAPQAPWHSSTNFSSVTVPTLIFACENDSIAPVNSSALPIYDSMSQNAKQFLEIKGGSHSCANSGNSNQALIGKKGVAWMKRFMDNDTRYSTFACENPNSTAVSDFRTANCS,,,,,,,,CONFIRM ITS INSIDE thermopetase_meanembeddings,thermopetase_6ij6_Repair_3_meanembeddings,
Thermo_T140D+R224Q+N233K,S121E/D186H/R280A/R224Q/N233K/T140D,66.9,,19.6,IsPETase,Lu et al. ,,QTNPYARGPNPTAASLEASAGPFTVRSFTVSRPSGYGAGTVYYPTNAGGTVGAIAIVPGYTARQSSIKWWGPRLASHGFVVITIDTNSTLDQPESRSSQQMAALRQVASLNGDSSSPIYGKVDTARMGVMGWSMGGGGSLISAANNPSLKAAAPQAPWHSSTNFSSVTVPTLIFACENDSIAPVNSSALPIYDSMSQNAKQFLEIKGGSHSCANSGNSNQALIGKKGVAWMKRFMDNDTRYSTFACENPNSTAVSDFRTANCS,,,,,,,,CONFIRM ITS INSIDE thermopetase_meanembeddings,thermopetase_6ij6_Repair_7_meanembeddings,
Dura,A214H/I168R/W159H/S188Q/R280A/A180I/G165A/Q119Y/L17F/T140D,78.7,,13.1,IsPETase,Lu et al. ,6ky5,QTNPYARGPNPTAASLEASAGPFTVRSFTVSRPSGYGAGTVYYPTNAGGTVGAIAIVPGYTARQSSIKWWGPRLASHGFVVITIDTNSTLDYPSSRSSQQMAALRQVASLNGDSSSPIYGKVDTARMGVMGHSMGGGASLRSAANNPSLKAAIPQAPWDSQTNFSSVTVPTLIFACENDSIAPVNSSALPIYDSMSRNAKQFLEINGGSHSCANSGNSNQALIGKKGVAWMKRFMDNDTRYSTFACENPNSTAVSDFRTANCS,,,,,,,,DuraPETase_meanembeddings,DuraPETase_6KY5_Repair_meanembeddings,
Dura_S121E,A214H/I168R/W159H/S188Q/R280A/A180I/G165A/Q119Y/L17F/T140D/S121E,79.5,,34.9,IsPETase,Lu et al. ,,QTNPYARGPNPTAASLEASAGPFTVRSFTVSRPSGYGAGTVYYPTNAGGTVGAIAIVPGYTARQSSIKWWGPRLASHGFVVITIDTNSTLDYPESRSSQQMAALRQVASLNGDSSSPIYGKVDTARMGVMGHSMGGGASLRSAANNPSLKAAIPQAPWDSQTNFSSVTVPTLIFACENDSIAPVNSSALPIYDSMSRNAKQFLEINGGSHSCANSGNSNQALIGKKGVAWMKRFMDNDTRYSTFACENPNSTAVSDFRTANCS,,,,,,,,CONFIRM ITS INSIDE dura,DuraPETase_6KY5_Repair_3_meanembeddings,
Dura_R224Q,A214H/I168R/W159H/S188Q/R280A/A180I/G165A/Q119Y/L17F/T140D/R224Q,78.3,,28,IsPETase,Lu et al. ,,QTNPYARGPNPTAASLEASAGPFTVRSFTVSRPSGYGAGTVYYPTNAGGTVGAIAIVPGYTARQSSIKWWGPRLASHGFVVITIDTNSTLDYPSSRSSQQMAALRQVASLNGDSSSPIYGKVDTARMGVMGHSMGGGASLRSAANNPSLKAAIPQAPWDSQTNFSSVTVPTLIFACENDSIAPVNSSALPIYDSMSQNAKQFLEINGGSHSCANSGNSNQALIGKKGVAWMKRFMDNDTRYSTFACENPNSTAVSDFRTANCS,,,,,,,,CONFIRM ITS INSIDE dura,DuraPETase_6KY5_Repair_2_meanembeddings,
Dura_N233K,A214H/I168R/W159H/S188Q/R280A/A180I/G165A/Q119Y/L17F/T140D/N233K,83.5,,19.5,IsPETase,Lu et al. ,,QTNPYARGPNPTAASLEASAGPFTVRSFTVSRPSGYGAGTVYYPTNAGGTVGAIAIVPGYTARQSSIKWWGPRLASHGFVVITIDTNSTLDYPSSRSSQQMAALRQVASLNGDSSSPIYGKVDTARMGVMGHSMGGGASLRSAANNPSLKAAIPQAPWDSQTNFSSVTVPTLIFACENDSIAPVNSSALPIYDSMSRNAKQFLEIKGGSHSCANSGNSNQALIGKKGVAWMKRFMDNDTRYSTFACENPNSTAVSDFRTANCS,,,,,,,,DuraN233K_meanembeddings,DuraPETase_6KY5_Repair_1_meanembeddings,
Dura_S121E+R224Q,A214H/I168R/W159H/S188Q/R280A/A180I/G165A/Q119Y/L17F/T140D/S121E/R224Q,78.9,,25.3,IsPETase,Lu et al. ,,QTNPYARGPNPTAASLEASAGPFTVRSFTVSRPSGYGAGTVYYPTNAGGTVGAIAIVPGYTARQSSIKWWGPRLASHGFVVITIDTNSTLDYPESRSSQQMAALRQVASLNGDSSSPIYGKVDTARMGVMGHSMGGGASLRSAANNPSLKAAIPQAPWDSQTNFSSVTVPTLIFACENDSIAPVNSSALPIYDSMSQNAKQFLEINGGSHSCANSGNSNQALIGKKGVAWMKRFMDNDTRYSTFACENPNSTAVSDFRTANCS,,,,,,,,CONFIRM ITS INSIDE dura,DuraPETase_6KY5_Repair_5_meanembeddings,
Dura_S121E+N233K,A214H/I168R/W159H/S188Q/R280A/A180I/G165A/Q119Y/L17F/T140D/S121E/N233K,83.4,,42.8,IsPETase,Lu et al. ,,QTNPYARGPNPTAASLEASAGPFTVRSFTVSRPSGYGAGTVYYPTNAGGTVGAIAIVPGYTARQSSIKWWGPRLASHGFVVITIDTNSTLDYPESRSSQQMAALRQVASLNGDSSSPIYGKVDTARMGVMGHSMGGGASLRSAANNPSLKAAIPQAPWDSQTNFSSVTVPTLIFACENDSIAPVNSSALPIYDSMSRNAKQFLEIKGGSHSCANSGNSNQALIGKKGVAWMKRFMDNDTRYSTFACENPNSTAVSDFRTANCS,,,,,,,,CONFIRM ITS INSIDE dura,DuraPETase_6KY5_Repair_4_meanembeddings,
WP_012851645.1,,86.91,,,IsPETase,Erickson,,MSLRKSFGLLSATAALVAGLVAAPPAQAAANPYQRGPDPTESLLRAARGPFAVSEQSVSRLSVSGFGGGRIYYPTTTSQGTFGAIAISPGFTASWSSLAWLGPRLASHGFVVIGIETNTRLDQPDSRGRQLLAALDYLTQRSSVRNRVDASRLAVAGHSMGGGGTLEAAKSRTSLKAAIPIAPWNLDKTWPEVRTPTLIIGGELDSIAPVATHSIPFYNSLTNAREKAYLELNNASHFFPQFSNDTMAKFMISWMKRFIDDDTRYDQFLCPPPRAIGDISDYRDTCPHT,"Erickson et al. (in their “Sourcing thermotolerant PET hydrolase scaffolds” study) screened a series of hydrolases and found one enzyme (termed “306”) with a Tₘ of 92.6 °C, demonstrating very high thermostability and solubility among natural enzyme variants.",,,,,,,NOT DONE YET,NOT DONE YET,
WP_012850775.1,,67.25,,,IsPETase,Erickson,,MKRTLKRALSLLPAAALAASALVAASPAQAAANPYQRGPNPTEASITAARGPFNTAEITVSRLSVSGFGGGKIYYPTTTSEGTFGAIAISPGFTAYWSSLEWLGHRLASQGFVVIGIETNTTLDQPDQRGQQLLAALDYLTQRSAVRDRVDASRLAVAGHSMGGGGSLEAAKARTSLKAAIPLAPWNLDKTWPEVRTPTLIIGGELDAVAPVATHSIPFYNSLSNAPEKAYLELDNASHFFPNITNTQMAKYMIAWMKRFIDDDTRYTQFLCPPPSTGLLSDFSDARFTCPM,,,,,,,,NOT DONE YET,NOT DONE YET,
WP_012851645.1,,67.18,,,IsPETase,Erickson,,MSLRKSFGLLSATAALVAGLVAAPPAQAAANPYQRGPDPTESLLRAARGPFAVSEQSVSRLSVSGFGGGRIYYPTTTSQGTFGAIAISPGFTASWSSLAWLGPRLASHGFVVIGIETNTRLDQPDSRGRQLLAALDYLTQRSSVRNRVDASRLAVAGHSMGGGGTLEAAKSRTSLKAAIPIAPWNLDKTWPEVRTPTLIIGGELDSIAPVATHSIPFYNSLTNAREKAYLELNNASHFFPQFSNDTMAKFMISWMKRFIDDDTRYDQFLCPPPRAIGDISDYRDTCPHT,,,,,,,,NOT DONE YET,NOT DONE YET,
WP_119925005.1,,53.9,,,IsPETase,Erickson,,MPSRSLRVCPALVALAAAAFAVAPHAHAAPAAPAARTAQAAQAAQNPYERGPAPTEQSVRAERGPFAISQVSVSRLAVSGFGGGTIYYPTSTAEGTFGAVAIAPGYTASQSSMAWYGPRLASQGFVIFTIDTITTGDQPDSRGRQLLAALDYLTQRSSVRSRVDASRLGVMGHSMGGGGSLEATVSRPSLQAAIPLTPWNLDKTWPEVRVPTLIIGAENDSIAPVSSHSEPFYASLPSTLDKAYLELNGASHFAPNVSDTTIARFSISWLKRFIDNDTRYEQFLCPPPRVSTEISEYRDTCPHSG,,,,,,,,NOT DONE YET,NOT DONE YET,
WP_093412886.1,,76.21,,,IsPETase,Erickson,,MELKRSTGSLTRLLVASAAVFGLLAGNATLAQAAEPADVHGPDPTEESITAPRGPFEVDEESVSRLSVSGFGGGTIYYPTDTTDGLFSAVSISPGFTGTQETMAWYGPRLASQGFVVFTIDTITTTDQPDSRARQLQASLDYLVNDSDVKDIIDPARLGVMGHSMGGGGSLKAALDNPALKAAIPLTPWHTTKDFSGVQTPTLIIGAQNDTVAPVSQHAKPFYESLPDDPGKAYLELAGASHLAPNTDNTTIAKFSIAWLKRFLDDDTRYDQFLCPPPENDDSISDYQSTCPY,,,,,,,,NOT DONE YET,NOT DONE YET,
WP_104613137.1,,70.28,,,IsPETase,Erickson,,MAVMTPRRERSSLLSRALQVTAAAATALVTAVSLAAPAHAANPYERGPNPTDALLEARSGPFSVSEENVSRLSASGFGGGTIYYPRENNTYGAVAISPGYTGTEASIAWLGKRIASHGFVVITIDTITTLDQPDSRAEQLNAALNHMINRASSTVRSRIDSSRLAVMGHSMGGGGSLRLASQRPDLKAAIPLTPWHLNKNWSSVRVPTLIIGADLDTIAPVLTHARPFYNSLPTSISKAYLELDGATHFAPNIPNKIIGKYSVAWLKRFVDNDTRYTQFLCPGPRDGLFGEVEEYRSTCPF,,,,,,,,NOT DONE YET,NOT DONE YET,
ADM47605.1,,65.57,,,IsPETase,Erickson,,AANPYERGPNPTDALLEARSGPFSVSEENVSRLSASGFGGGTIYYPRESNTYGAVAISPGYTGTEASIAWLGERIASHGFVVITIDTITTLDQPDSRAEQLNAALNHMINRASSTVRSRIDSSRLAVMGHSMGGGGTLRLASQRPDLKAAIPLTPWHLNKNWSSVTVPTLIIGADLDTIAPVATHAKPFYNSLPSSISKAYLELDGATHFAPNIPNKIIGKYSVAWLKWFVDNDTRYTQFLCPGPRDGLFGEVEEYRSTCPF,,,,,,,,NOT DONE YET,NOT DONE YET,
ADY92528.1,,70.86,,,IsPETase,Erickson,,GPKVKQWPLTEEKIKALTAICEDMEKEGKISKIGPENPYNTPVFAIKKKDSTKWRKLVDFRELNKRTQDFWEVQLGIPHPAGLKKKKSVTVLDVGDAYFSVPLDESFRKYTAFTIPSINNETPGIRYQYNVLPQGWKGSPAIFQSSMTKILEPFRAQNPEIVIYQYMDDLCVGSDLEIGQHRVKIEELRTHLLRWGFTTPDKKHQKEPPFLWMGYELHPDKWTVQP,,,,,,,,NOT DONE YET,NOT DONE YET,
CBY05529.1,,69.93,,,IsPETase,Erickson,,MPPHAARPGPAQNRRGCAMAVMTPRRERSSLLSRALQVTAAAATALVTAVSLAAPAHAANPYERGPNPTDALLEARSGPFSVSEENVSRLGASGFGGGTIYYPRENNTYGAVAISPGYTGTQASVAWLGKRIASHGFVVITIDTITTLDQPDSRARQLNAALDYMINDASSAVRSRIDSSRLAVMGHSMGGGGSLRLASQRPDLKAAIPLTPWHLNKNWSSVRVPTLIIGADLDTIAPVLTHARPFYNSLPTSISKAYLELDGATHFAPNIPNKIIGKYSVAWLKRFVDNDTRYTQFLCPGPRDGLFGEVEEYRSTCPF,,,,,,,,NOT DONE YET,NOT DONE YET,
AAZ54920.1,,69.02,,,IsPETase,Erickson,,MPPHAARPGPAQNRRGRAMAVITPRRERSSLLSRALRFTAAAATALVTAVSLAAPAHAANPYERGPNPTDALLEARSGPFSVSEERASRFGADGFGGGTIYYPRENNTYGAVAISPGYTGTQASVAWLGERIASHGFVVITIDTNTTLDQPDSRARQLNAALDYMINDASSAVRSRIDSSRLAVMGHSMGGGGTLRLASQRPDLKAAIPLTPWHLNKNWSSVRVPTLIIGADLDTIAPVLTHARPFYNSLPTSISKAYLELDGATHFAPNIPNKIIGKYSVAWLKRFVDNDTRYTQFLCPGPRDGLFGEVEEYRSTCPF,,,,,,,,NOT DONE YET,NOT DONE YET,
CAH17554.1,,68.35,,,IsPETase,Erickson,,MAVMTPRRERSSLLSRALRFTAAAATALVTAVSLAAPAHAANPYERGPNPTDALLEARSGPFSVSEERASRFGADGFGGGTIYYPRENNTYGAVAISPGYTGTQASVAWLGKRIASHGFVVITIDTNTTLDQPDSRARQLNAALDYMINDASSAVRSRIDSSRLAVMGHSMGGGGSLRLASQRPDLKAAIPLTPWHLNKNWSSVRVPTLIIGADLDTIAPVLTHARPFYNSLPTSISKAYLELDGATHFAPNIPNKIIGKYSVAWLKRFVDNDTRYTQFLCPGPRDGLFGEVEEYRSTCPF,,,,,,,,NOT DONE YET,NOT DONE YET,
WP_068752972.1,,56.05,,,IsPETase,Erickson,,MSVTTPRRRTPLLSRVLRTAAVAATAAASVLALSAPAQAANPYERGPNPTQALLEARSGPFSVSSERAWRLGSDGFGGGTIYYPRENNTYGAVAISPGYTGTQASVAWLGERIASHGFVVITIDTNTTLDQPDSRARQLDAALDHMLNDASSAVRSRIDRNRLAVMGHSMGGGGTLRLASQRPDLKAAIPLTPWHLNKSWSNVQVPTLIIGADLDTIAPVLTHAEPFYNSIPTSTRKAYLELDGATHFAPNITNSTIGMYSVAWLKRFVDEDTRYTQFLCPGPRTGLFSDVEEYRSTCPF,,,,,,,,NOT DONE YET,NOT DONE YET,
WP_083947829.1,,54.16,,,IsPETase,Erickson,,MLSQVTAVVAAAAAAVTLSAPALAANPYERGPDPTQASLEASRGPFPVSEERVSSPVSGFGGGTIYYPQENNTYGAVAISPGYTATQSSVAWLGERIASHGFVVITIDTNTTLDQPDSRADQLEAALDHMVDGASSTVRSRIDRNRLAVMGHSMGGGGTLRLASRRPDLKAAIPLTPWHLNKSWSNVQVPTLIIGAENDTVAPVALHAEPSYTSIPTSTRKAYLELNGASHFAPSVANATIGMYGVAWLKRFVDEDTRYTRFLCPGPRTGLFSDVEEYRSTCPF,,,,,,,,NOT DONE YET,NOT DONE YET,
CDN67547.1,,69.96,,,IsPETase,Erickson,,ANPYERGPNPTDALLEARSGPFSVSEENVSRLSASGFGGGTIYYPRENNTYGAVAISPGYTGTEASIAWLGERIASHGFVVITIDTITTLDQPDSRAEQLNAALNHMINRASSTVRSRIDSSRLAVMGHSMGGGGSLRLASQRPDLKAAIPLTPWHLNKNWSSVTVPTLIIGADLDTIAPVATHAKPFYNSLPSSISKAYLELDGATHFAPNIPNKIIGKYSVAWLKRFVDNDTRYTQFLCPGPRDGLFGEVEEYRSTCPFY,,,,,,,,NOT DONE YET,NOT DONE YET,
AFA51221.1,,71.83,,,IsPETase,Erickson,,SSWWNFGSLLGICLIVQILTGLFLAMHYTSDTMTAFSSVTHICRDVNYGWLIRYLHANGASMFFICLFLHVGRGLYYGSYMFLETWNIGVLLLFAVMATAFMGYVLPWGQMSFWGATVITNLLSAIPYIGSDLVEWIWGGFSVDKATLTRFFAFHFILPFIIAALAGVHLLFLHETGSNNPSGLCSDADKIPFHPYYTIKDILGVLLLILVLTSLVLFSPDLLGDPDNYTPANPLNTPPHIKPEWYFLFAYAILRSIPNKLGGVLALVLSILVLAVVPFLHTSKQRSMMFRPFSQCLFWILVADLLTLTWI,,,,,,,,NOT DONE YET,NOT DONE YET,
5LUK_A,,67.71,,,IsPETase,Erickson,,MANPYERGPNPTDALLEARSGPFSVSEENVSRFGADGFGGGTIYYPRENNTYGAVAISPGYTGTQASVAWLGERIASHGFVVITIDTNTTLDQPDSRARQLNAALDYMINDASSAVRSRIDSSRLAVMGHSMGGGGTLRLASQRPDLKAAIPLTPWHLNKNWSSVRVPTLIIGADLDTIAPVLTHARPFYNSLPTSISKAYLELDGATHFAPNIPNKIIGKYSVAWLKRFVDNDTRYTQFLCPGPRDGLFGEVEEYRSTCPFALE,,,,,,,,NOT DONE YET,NOT DONE YET,
CAH17554.1,,71.94,,,IsPETase,Erickson,,MAVMTPRRERSSLLSRALRFTAAAATALVTAVSLAAPAHAANPYERGPNPTDALLEARSGPFSVSEERASRFGADGFGGGTIYYPRENNTYGAVAISPGYTGTQASVAWLGKRIASHGFVVITIDTNTTLDQPDSRARQLNAALDYMINDASSAVRSRIDSSRLAVMGHSMGGGGSLRLASQRPDLKAAIPLTPWHLNKNWSSVRVPTLIIGADLDTIAPVLTHARPFYNSLPTSISKAYLELDGATHFAPNIPNKIIGKYSVAWLKRFVDNDTRYTQFLCPGPRDGLFGEVEEYRSTCPF,,,,,,,,NOT DONE YET,NOT DONE YET,
"wt LCC (Tm, dTm)",Wild-type LCC,"(84.7, 0.0)",,,LCC,Tournier,4eb0,DGVLWRVRTAALMAALLALAAWALVWASPSVEAQSNPYQRGPNPTRSALTADGPFSVATYTVSRLSVSGFGGGVIYYPTGTSLTFGGIAMSPGYTADASSLAWLGRRLASHGFVVLVINTNSRFDYPDSRASQLSAALNYLRTSSPSAVRARLDANRLAVAGHSMGGGGTLRIAEQNPSLKAAVPLTPWHTDKTFNTSVPVLIVGAEADTVAPVSQHAIPFYQNLPSTTPKVYVELDNASHFAPNSNNAAISVYTISWMKLWVDNDTRYRQFLCNVNDPALSDFRTNNRHCQ,"Tournier et al. discovered and optimized the thermophilic LCC enzyme for PET degradation, showing it retains activity up to 72 °C (near PET’s glass-transition temperature) and exhibits a melting temperature (Tₘ) around 75 °C. Their engineered LCC variant depolymerized > 90 % of post-consumer PET in 10 hours at 72 °C, establishing it as one of the most thermostable and efficient PET hydrolases reported.",,,,,,,,,
T96M,T96M,"(87.4, 2.7)",,,LCC,Tournier,,DGVLWRVRTAALMAALLALAAWALVWASPSVEAQSNPYQRGPNPTRSALTADGPFSVATYTVSRLSVSGFGGGVIYYPTGTSLTFGGIAMSPGYMADASSLAWLGRRLASHGFVVLVINTNSRFDYPDSRASQLSAALNYLRTSSPSAVRARLDANRLAVAGHSMGGGGTLRIAEQNPSLKAAVPLTPWHTDKTFNTSVPVLIVGAEADTVAPVSQHAIPFYQNLPSTTPKVYVELDNASHFAPNSNNAAISVYTISWMKLWVDNDTRYRQFLCNVNDPALSDFRTNNRHCQ,,,,,,,,LCC_variants_tournier_meanembeddings,lcc_4eb0_Repair_16_meanembeddings,
Y127G,Y127G,"(87.0, 2.3)",,,LCC,Tournier,,DGVLWRVRTAALMAALLALAAWALVWASPSVEAQSNPYQRGPNPTRSALTADGPFSVATYTVSRLSVSGFGGGVIYYPTGTSLTFGGIAMSPGYTADASSLAWLGRRLASHGFVVLVINTNSRFDGPDSRASQLSAALNYLRTSSPSAVRARLDANRLAVAGHSMGGGGTLRIAEQNPSLKAAVPLTPWHTDKTFNTSVPVLIVGAEADTVAPVSQHAIPFYQNLPSTTPKVYVELDNASHFAPNSNNAAISVYTISWMKLWVDNDTRYRQFLCNVNDPALSDFRTNNRHCQ,,,,,,,,LCC_variants_tournier_meanembeddings,lcc_4eb0_Repair_17_meanembeddings,
F243I,F243I,"(81.6, -3.1)",,,LCC,Tournier,,DGVLWRVRTAALMAALLALAAWALVWASPSVEAQSNPYQRGPNPTRSALTADGPFSVATYTVSRLSVSGFGGGVIYYPTGTSLTFGGIAMSPGYTADASSLAWLGRRLASHGFVVLVINTNSRFDYPDSRASQLSAALNYLRTSSPSAVRARLDANRLAVAGHSMGGGGTLRIAEQNPSLKAAVPLTPWHTDKTFNTSVPVLIVGAEADTVAPVSQHAIPFYQNLPSTTPKVYVELDNASHIAPNSNNAAISVYTISWMKLWVDNDTRYRQFLCNVNDPALSDFRTNNRHCQ,,,,,,,,LCC_variants_tournier_meanembeddings,lcc_4eb0_Repair_2_meanembeddings,
F243W,F243W,"(81.8, -2.9)",,,LCC,Tournier,,DGVLWRVRTAALMAALLALAAWALVWASPSVEAQSNPYQRGPNPTRSALTADGPFSVATYTVSRLSVSGFGGGVIYYPTGTSLTFGGIAMSPGYTADASSLAWLGRRLASHGFVVLVINTNSRFDYPDSRASQLSAALNYLRTSSPSAVRARLDANRLAVAGHSMGGGGTLRIAEQNPSLKAAVPLTPWHTDKTFNTSVPVLIVGAEADTVAPVSQHAIPFYQNLPSTTPKVYVELDNASHWAPNSNNAAISVYTISWMKLWVDNDTRYRQFLCNVNDPALSDFRTNNRHCQ,,,,,,,,LCC_variants_tournier_meanembeddings,lcc_4eb0_Repair_8_meanembeddings,
N246D,N246D,"(88.0, 3.3)",,,LCC,Tournier,,DGVLWRVRTAALMAALLALAAWALVWASPSVEAQSNPYQRGPNPTRSALTADGPFSVATYTVSRLSVSGFGGGVIYYPTGTSLTFGGIAMSPGYTADASSLAWLGRRLASHGFVVLVINTNSRFDYPDSRASQLSAALNYLRTSSPSAVRARLDANRLAVAGHSMGGGGTLRIAEQNPSLKAAVPLTPWHTDKTFNTSVPVLIVGAEADTVAPVSQHAIPFYQNLPSTTPKVYVELDNASHFAPDSNNAAISVYTISWMKLWVDNDTRYRQFLCNVNDPALSDFRTNNRHCQ,,,,,,,,LCC_variants_tournier_meanembeddings,lcc_4eb0_Repair_14_meanembeddings,
N246M,N246M,"(88.0, 3.3)",,,LCC,Tournier,,DGVLWRVRTAALMAALLALAAWALVWASPSVEAQSNPYQRGPNPTRSALTADGPFSVATYTVSRLSVSGFGGGVIYYPTGTSLTFGGIAMSPGYTADASSLAWLGRRLASHGFVVLVINTNSRFDYPDSRASQLSAALNYLRTSSPSAVRARLDANRLAVAGHSMGGGGTLRIAEQNPSLKAAVPLTPWHTDKTFNTSVPVLIVGAEADTVAPVSQHAIPFYQNLPSTTPKVYVELDNASHFAPMSNNAAISVYTISWMKLWVDNDTRYRQFLCNVNDPALSDFRTNNRHCQ,,,,,,,,LCC_variants_tournier_meanembeddings,lcc_4eb0_Repair_15_meanembeddings,
D238C/S283C,D238C/S283C,"(94.2, 9.5)",,,LCC,Tournier,,DGVLWRVRTAALMAALLALAAWALVWASPSVEAQSNPYQRGPNPTRSALTADGPFSVATYTVSRLSVSGFGGGVIYYPTGTSLTFGGIAMSPGYTADASSLAWLGRRLASHGFVVLVINTNSRFDYPDSRASQLSAALNYLRTSSPSAVRARLDANRLAVAGHSMGGGGTLRIAEQNPSLKAAVPLTPWHTDKTFNTSVPVLIVGAEADTVAPVSQHAIPFYQNLPSTTPKVYVELCNASHFAPNSNNAAISVYTISWMKLWVDNDTRYRQFLCNVNDPALCDFRTNNRHCQ,,,,,,,,LCC_variants_tournier_meanembeddings,lcc_4eb0_Repair_1_meanembeddings,
F243I/D238C/S283C,F243I/D238C/S283C,"(90.9, 6.2)",,,LCC,Tournier,,DGVLWRVRTAALMAALLALAAWALVWASPSVEAQSNPYQRGPNPTRSALTADGPFSVATYTVSRLSVSGFGGGVIYYPTGTSLTFGGIAMSPGYTADASSLAWLGRRLASHGFVVLVINTNSRFDYPDSRASQLSAALNYLRTSSPSAVRARLDANRLAVAGHSMGGGGTLRIAEQNPSLKAAVPLTPWHTDKTFNTSVPVLIVGAEADTVAPVSQHAIPFYQNLPSTTPKVYVELCNASHIAPNSNNAAISVYTISWMKLWVDNDTRYRQFLCNVNDPALCDFRTNNRHCQ,,,,,,,,LCC_variants_tournier_meanembeddings,lcc_4eb0_Repair_3_meanembeddings,
F243W/D238C/S283C,F243W/D238C/S283C,"(94.8, 10.1)",,,LCC,Tournier,,DGVLWRVRTAALMAALLALAAWALVWASPSVEAQSNPYQRGPNPTRSALTADGPFSVATYTVSRLSVSGFGGGVIYYPTGTSLTFGGIAMSPGYTADASSLAWLGRRLASHGFVVLVINTNSRFDYPDSRASQLSAALNYLRTSSPSAVRARLDANRLAVAGHSMGGGGTLRIAEQNPSLKAAVPLTPWHTDKTFNTSVPVLIVGAEADTVAPVSQHAIPFYQNLPSTTPKVYVELCNASHWAPNSNNAAISVYTISWMKLWVDNDTRYRQFLCNVNDPALCDFRTNNRHCQ,,,,,,,,LCC_variants_tournier_meanembeddings,lcc_4eb0_Repair_9_meanembeddings,
F243I/D238C/S283C/T96M,F243I/D238C/S283C/T96M,"(94.2, 9.5)",,,LCC,Tournier,,DGVLWRVRTAALMAALLALAAWALVWASPSVEAQSNPYQRGPNPTRSALTADGPFSVATYTVSRLSVSGFGGGVIYYPTGTSLTFGGIAMSPGYMADASSLAWLGRRLASHGFVVLVINTNSRFDYPDSRASQLSAALNYLRTSSPSAVRARLDANRLAVAGHSMGGGGTLRIAEQNPSLKAAVPLTPWHTDKTFNTSVPVLIVGAEADTVAPVSQHAIPFYQNLPSTTPKVYVELCNASHIAPNSNNAAISVYTISWMKLWVDNDTRYRQFLCNVNDPALCDFRTNNRHCQ,,,,,,,,LCC_variants_tournier_meanembeddings,lcc_4eb0_Repair_6_meanembeddings,
F243I/D238C/S283C/Y127G,F243I/D238C/S283C/Y127G,"(94.0, 9.3)",,,LCC,Tournier,,DGVLWRVRTAALMAALLALAAWALVWASPSVEAQSNPYQRGPNPTRSALTADGPFSVATYTVSRLSVSGFGGGVIYYPTGTSLTFGGIAMSPGYTADASSLAWLGRRLASHGFVVLVINTNSRFDGPDSRASQLSAALNYLRTSSPSAVRARLDANRLAVAGHSMGGGGTLRIAEQNPSLKAAVPLTPWHTDKTFNTSVPVLIVGAEADTVAPVSQHAIPFYQNLPSTTPKVYVELCNASHIAPNSNNAAISVYTISWMKLWVDNDTRYRQFLCNVNDPALCDFRTNNRHCQ,,,,,,,,LCC_variants_tournier_meanembeddings,lcc_4eb0_Repair_7_meanembeddings,
F243I/D238C/S283C/N246D,F243I/D238C/S283C/N246D,"(86.4, -0.1)",,,LCC,Tournier,,DGVLWRVRTAALMAALLALAAWALVWASPSVEAQSNPYQRGPNPTRSALTADGPFSVATYTVSRLSVSGFGGGVIYYPTGTSLTFGGIAMSPGYTADASSLAWLGRRLASHGFVVLVINTNSRFDYPDSRASQLSAALNYLRTSSPSAVRARLDANRLAVAGHSMGGGGTLRIAEQNPSLKAAVPLTPWHTDKTFNTSVPVLIVGAEADTVAPVSQHAIPFYQNLPSTTPKVYVELCNASHIAPDSNNAAISVYTISWMKLWVDNDTRYRQFLCNVNDPALCDFRTNNRHCQ,,,,,,,,LCC_variants_tournier_meanembeddings,lcc_4eb0_Repair_4_meanembeddings,
F243I/D238C/S283C/N246M,F243I/D238C/S283C/N246M,"(94.5, 9.8)",,,LCC,Tournier,,DGVLWRVRTAALMAALLALAAWALVWASPSVEAQSNPYQRGPNPTRSALTADGPFSVATYTVSRLSVSGFGGGVIYYPTGTSLTFGGIAMSPGYTADASSLAWLGRRLASHGFVVLVINTNSRFDYPDSRASQLSAALNYLRTSSPSAVRARLDANRLAVAGHSMGGGGTLRIAEQNPSLKAAVPLTPWHTDKTFNTSVPVLIVGAEADTVAPVSQHAIPFYQNLPSTTPKVYVELCNASHIAPMSNNAAISVYTISWMKLWVDNDTRYRQFLCNVNDPALCDFRTNNRHCQ,,,,,,,,LCC_variants_tournier_meanembeddings,lcc_4eb0_Repair_5_meanembeddings,
F243W/D238C/S283C/T96M,F243W/D238C/S283C/T96M,"(98.0, 13.3)",,,LCC,Tournier,,DGVLWRVRTAALMAALLALAAWALVWASPSVEAQSNPYQRGPNPTRSALTADGPFSVATYTVSRLSVSGFGGGVIYYPTGTSLTFGGIAMSPGYMADASSLAWLGRRLASHGFVVLVINTNSRFDYPDSRASQLSAALNYLRTSSPSAVRARLDANRLAVAGHSMGGGGTLRIAEQNPSLKAAVPLTPWHTDKTFNTSVPVLIVGAEADTVAPVSQHAIPFYQNLPSTTPKVYVELCNASHWAPNSNNAAISVYTISWMKLWVDNDTRYRQFLCNVNDPALCDFRTNNRHCQ,,,,,,,,LCC_variants_tournier_meanembeddings,lcc_4eb0_Repair_12_meanembeddings,
F243W/D238C/S283C/Y127G,F243W/D238C/S283C/Y127G,"(98.0, 13.3)",,,LCC,Tournier,,DGVLWRVRTAALMAALLALAAWALVWASPSVEAQSNPYQRGPNPTRSALTADGPFSVATYTVSRLSVSGFGGGVIYYPTGTSLTFGGIAMSPGYTADASSLAWLGRRLASHGFVVLVINTNSRFDGPDSRASQLSAALNYLRTSSPSAVRARLDANRLAVAGHSMGGGGTLRIAEQNPSLKAAVPLTPWHTDKTFNTSVPVLIVGAEADTVAPVSQHAIPFYQNLPSTTPKVYVELCNASHWAPNSNNAAISVYTISWMKLWVDNDTRYRQFLCNVNDPALCDFRTNNRHCQ,,,,,,,,LCC_variants_tournier_meanembeddings,lcc_4eb0_Repair_13_meanembeddings,
F243W/D238C/S283C/N246D,F243W/D238C/S283C/N246D,"(88.6, 3.9)",,,LCC,Tournier,,DGVLWRVRTAALMAALLALAAWALVWASPSVEAQSNPYQRGPNPTRSALTADGPFSVATYTVSRLSVSGFGGGVIYYPTGTSLTFGGIAMSPGYTADASSLAWLGRRLASHGFVVLVINTNSRFDYPDSRASQLSAALNYLRTSSPSAVRARLDANRLAVAGHSMGGGGTLRIAEQNPSLKAAVPLTPWHTDKTFNTSVPVLIVGAEADTVAPVSQHAIPFYQNLPSTTPKVYVELCNASHWAPDSNNAAISVYTISWMKLWVDNDTRYRQFLCNVNDPALCDFRTNNRHCQ,,,,,,,,LCC_variants_tournier_meanembeddings,lcc_4eb0_Repair_10_meanembeddings,
F243W/D238C/S283C/N246M,F243W/D238C/S283C/N246M,"(98.1, 13.4)",,,LCC,Tournier,,DGVLWRVRTAALMAALLALAAWALVWASPSVEAQSNPYQRGPNPTRSALTADGPFSVATYTVSRLSVSGFGGGVIYYPTGTSLTFGGIAMSPGYTADASSLAWLGRRLASHGFVVLVINTNSRFDYPDSRASQLSAALNYLRTSSPSAVRARLDANRLAVAGHSMGGGGTLRIAEQNPSLKAAVPLTPWHTDKTFNTSVPVLIVGAEADTVAPVSQHAIPFYQNLPSTTPKVYVELCNASHWAPMSNNAAISVYTISWMKLWVDNDTRYRQFLCNVNDPALCDFRTNNRHCQ,,,,,,,,LCC_variants_tournier_meanembeddings,lcc_4eb0_Repair_11_meanembeddings,
WT,WT,48.81,,,IsPETase,Son,,,"The authors engineered the wild-type IsPETase from Ideonella sakaiensis by introducing mutations S121E/D186H/R280A, which raised the melting temperature (Tₘ) by ~8.8 °C relative to the wild-type and improved PET-degradation activity ~14-fold at 40 °C.  ￼
This variant thereby marked a significant step in increasing both thermostability and performance of PET-hydrolysing enzymes under milder conditions.",,,,,,,,,
S121D,S121D,47.35,,,IsPETase,Son,,QTNPYARGPNPTAASLEASAGPFTVRSFTVSRPSGYGAGTVYYPTNAGGTVGAIAIVPGYTARQSSIKWWGPRLASHGFVVITIDTNSTLDQPDSRSSQQMAALRQVASLNGTSSSPIYGKVDTARMGVMGWSMGGGGSLISAANNPSLKAAAPQAPWDSSTNFSSVTVPTLIFACENDSIAPVNSSALPIYDSMSRNAKQFLEINGGSHSCANSGNSNQALIGKKGVAWMKRFMDNDTRYSTFACENPNSTRVSDFRTANCS,,,,,,,,all_petase_variants_meanembeddings,wtIsPETase_6ilw_Repair_8_meanembeddings,
S121E,S121E,47.68,,,IsPETase,Son,,QTNPYARGPNPTAASLEASAGPFTVRSFTVSRPSGYGAGTVYYPTNAGGTVGAIAIVPGYTARQSSIKWWGPRLASHGFVVITIDTNSTLDQPESRSSQQMAALRQVASLNGTSSSPIYGKVDTARMGVMGWSMGGGGSLISAANNPSLKAAAPQAPWDSSTNFSSVTVPTLIFACENDSIAPVNSSALPIYDSMSRNAKQFLEINGGSHSCANSGNSNQALIGKKGVAWMKRFMDNDTRYSTFACENPNSTRVSDFRTANCS,,,,,,,,all_petase_variants_meanembeddings,wtIsPETase_6ilw_Repair_9_meanembeddings,
D186H,D186H,53.16,,,IsPETase,Son,,QTNPYARGPNPTAASLEASAGPFTVRSFTVSRPSGYGAGTVYYPTNAGGTVGAIAIVPGYTARQSSIKWWGPRLASHGFVVITIDTNSTLDQPSSRSSQQMAALRQVASLNGTSSSPIYGKVDTARMGVMGWSMGGGGSLISAANNPSLKAAAPQAPWHSSTNFSSVTVPTLIFACENDSIAPVNSSALPIYDSMSRNAKQFLEINGGSHSCANSGNSNQALIGKKGVAWMKRFMDNDTRYSTFACENPNSTRVSDFRTANCS,,,,,,,,all_petase_variants_meanembeddings,wtIsPETase_6ilw_Repair_2_meanembeddings,
D186F,D186F,51.9,,,IsPETase,Son,,QTNPYARGPNPTAASLEASAGPFTVRSFTVSRPSGYGAGTVYYPTNAGGTVGAIAIVPGYTARQSSIKWWGPRLASHGFVVITIDTNSTLDQPSSRSSQQMAALRQVASLNGTSSSPIYGKVDTARMGVMGWSMGGGGSLISAANNPSLKAAAPQAPWFSSTNFSSVTVPTLIFACENDSIAPVNSSALPIYDSMSRNAKQFLEINGGSHSCANSGNSNQALIGKKGVAWMKRFMDNDTRYSTFACENPNSTRVSDFRTANCS,,,,,,,,all_petase_variants_meanembeddings,wtIsPETase_6ilw_Repair_1_meanembeddings,
D186I,D186I,52.7,,,IsPETase,Son,,QTNPYARGPNPTAASLEASAGPFTVRSFTVSRPSGYGAGTVYYPTNAGGTVGAIAIVPGYTARQSSIKWWGPRLASHGFVVITIDTNSTLDQPSSRSSQQMAALRQVASLNGTSSSPIYGKVDTARMGVMGWSMGGGGSLISAANNPSLKAAAPQAPWISSTNFSSVTVPTLIFACENDSIAPVNSSALPIYDSMSRNAKQFLEINGGSHSCANSGNSNQALIGKKGVAWMKRFMDNDTRYSTFACENPNSTRVSDFRTANCS,,,,,,,,all_petase_variants_meanembeddings,wtIsPETase_6ilw_Repair_3_meanembeddings,
D186L,D186L,51.67,,,IsPETase,Son,,QTNPYARGPNPTAASLEASAGPFTVRSFTVSRPSGYGAGTVYYPTNAGGTVGAIAIVPGYTARQSSIKWWGPRLASHGFVVITIDTNSTLDQPSSRSSQQMAALRQVASLNGTSSSPIYGKVDTARMGVMGWSMGGGGSLISAANNPSLKAAAPQAPWLSSTNFSSVTVPTLIFACENDSIAPVNSSALPIYDSMSRNAKQFLEINGGSHSCANSGNSNQALIGKKGVAWMKRFMDNDTRYSTFACENPNSTRVSDFRTANCS,,,,,,,,all_petase_variants_meanembeddings,wtIsPETase_6ilw_Repair_4_meanembeddings,
D186V,D186V,53.46,,,IsPETase,Son,,QTNPYARGPNPTAASLEASAGPFTVRSFTVSRPSGYGAGTVYYPTNAGGTVGAIAIVPGYTARQSSIKWWGPRLASHGFVVITIDTNSTLDQPSSRSSQQMAALRQVASLNGTSSSPIYGKVDTARMGVMGWSMGGGGSLISAANNPSLKAAAPQAPWVSSTNFSSVTVPTLIFACENDSIAPVNSSALPIYDSMSRNAKQFLEINGGSHSCANSGNSNQALIGKKGVAWMKRFMDNDTRYSTFACENPNSTRVSDFRTANCS,,,,,,,,all_petase_variants_meanembeddings,wtIsPETase_6ilw_Repair_5_meanembeddings,
P181A,P181A,49.25,,,IsPETase,Son,6IJ5 ,QTNPYARGPNPTAASLEASAGPFTVRSFTVSRPSGYGAGTVYYPTNAGGTVGAIAIVPGYTARQSSIKWWGPRLASHGFVVITIDTNSTLDQPSSRSSQQMAALRQVASLNGTSSSPIYGKVDTARMGVMGWSMGGGGSLISAANNPSLKAAAAQAPWDSSTNFSSVTVPTLIFACENDSIAPVNSSALPIYDSMSRNAKQFLEINGGSHSCANSGNSNQALIGKKGVAWMKRFMDNDTRYSTFACENPNSTRVSDFRTANCS,,,,,,,,ignore,ignore,
P181G,P181G,43.79,,,IsPETase,Son,,QTNPYARGPNPTAASLEASAGPFTVRSFTVSRPSGYGAGTVYYPTNAGGTVGAIAIVPGYTARQSSIKWWGPRLASHGFVVITIDTNSTLDQPSSRSSQQMAALRQVASLNGTSSSPIYGKVDTARMGVMGWSMGGGGSLISAANNPSLKAAAGQAPWDSSTNFSSVTVPTLIFACENDSIAPVNSSALPIYDSMSRNAKQFLEINGGSHSCANSGNSNQALIGKKGVAWMKRFMDNDTRYSTFACENPNSTRVSDFRTANCS,,,,,,,,all_petase_variants_meanembeddings,wtIsPETase_6ilw_Repair_6_meanembeddings,
P181S,P181S,45.92,,,IsPETase,Son,,QTNPYARGPNPTAASLEASAGPFTVRSFTVSRPSGYGAGTVYYPTNAGGTVGAIAIVPGYTARQSSIKWWGPRLASHGFVVITIDTNSTLDQPSSRSSQQMAALRQVASLNGTSSSPIYGKVDTARMGVMGWSMGGGGSLISAANNPSLKAAASQAPWDSSTNFSSVTVPTLIFACENDSIAPVNSSALPIYDSMSRNAKQFLEINGGSHSCANSGNSNQALIGKKGVAWMKRFMDNDTRYSTFACENPNSTRVSDFRTANCS,,,,,,,,all_petase_variants_meanembeddings,wtIsPETase_6ilw_Repair_7_meanembeddings,
F243G,F243G,92,,13.02,BhrPETase,Cui,,MQVVLGRVRSAGLLAALLALAAWALVWASPSAEAQSNPYQRGPNPTRSALTTDGPFSVATYSVSRLSVSGFGGGVIYYPTGTTLTFGGIAMSPGYTADASSLAWLGRRLASHGFVVIVINTNSRLDFPDSRASQLSAALNYLRTSSPSAVRARLDANRLAVAGHSMGGGATLRISEQIPTLKAGVPLTPWHTDKTFNTPVPQLIVGAEADTVAPVSQHAIPFYQNLPSTTPKVYVELDNATHGAPNSPNAAISVYTISWMKLWVDNDTRYRQFLCNVNDPALSDFRSNNRHCQ,,,,,,,,BhrPETase_variants_meanembeddings,BhrPETase_7EOA_Repair_2_meanembeddings,
F243I,F243I,92.5,,12.34,BhrPETase,Cui,,MQVVLGRVRSAGLLAALLALAAWALVWASPSAEAQSNPYQRGPNPTRSALTTDGPFSVATYSVSRLSVSGFGGGVIYYPTGTTLTFGGIAMSPGYTADASSLAWLGRRLASHGFVVIVINTNSRLDFPDSRASQLSAALNYLRTSSPSAVRARLDANRLAVAGHSMGGGATLRISEQIPTLKAGVPLTPWHTDKTFNTPVPQLIVGAEADTVAPVSQHAIPFYQNLPSTTPKVYVELDNATHIAPNSPNAAISVYTISWMKLWVDNDTRYRQFLCNVNDPALSDFRSNNRHCQ,,,,,,,,BhrPETase_variants_meanembeddings,BhrPETase_7EOA_Repair_3_meanembeddings,
F243N,F243N,94.5,,12.73,BhrPETase,Cui,,MQVVLGRVRSAGLLAALLALAAWALVWASPSAEAQSNPYQRGPNPTRSALTTDGPFSVATYSVSRLSVSGFGGGVIYYPTGTTLTFGGIAMSPGYTADASSLAWLGRRLASHGFVVIVINTNSRLDFPDSRASQLSAALNYLRTSSPSAVRARLDANRLAVAGHSMGGGATLRISEQIPTLKAGVPLTPWHTDKTFNTPVPQLIVGAEADTVAPVSQHAIPFYQNLPSTTPKVYVELDNATHNAPNSPNAAISVYTISWMKLWVDNDTRYRQFLCNVNDPALSDFRSNNRHCQ,,,,,,,,BhrPETase_variants_meanembeddings,BhrPETase_7EOA_Repair_4_meanembeddings,
F243S,F243S,94,,9.2,BhrPETase,Cui,,MQVVLGRVRSAGLLAALLALAAWALVWASPSAEAQSNPYQRGPNPTRSALTTDGPFSVATYSVSRLSVSGFGGGVIYYPTGTTLTFGGIAMSPGYTADASSLAWLGRRLASHGFVVIVINTNSRLDFPDSRASQLSAALNYLRTSSPSAVRARLDANRLAVAGHSMGGGATLRISEQIPTLKAGVPLTPWHTDKTFNTPVPQLIVGAEADTVAPVSQHAIPFYQNLPSTTPKVYVELDNATHSAPNSPNAAISVYTISWMKLWVDNDTRYRQFLCNVNDPALSDFRSNNRHCQ,,,,,,,,BhrPETase_variants_meanembeddings,BhrPETase_7EOA_Repair_5_meanembeddings,
F243T,F243T,90.5,,13.66,BhrPETase,Cui,,MQVVLGRVRSAGLLAALLALAAWALVWASPSAEAQSNPYQRGPNPTRSALTTDGPFSVATYSVSRLSVSGFGGGVIYYPTGTTLTFGGIAMSPGYTADASSLAWLGRRLASHGFVVIVINTNSRLDFPDSRASQLSAALNYLRTSSPSAVRARLDANRLAVAGHSMGGGATLRISEQIPTLKAGVPLTPWHTDKTFNTPVPQLIVGAEADTVAPVSQHAIPFYQNLPSTTPKVYVELDNATHTAPNSPNAAISVYTISWMKLWVDNDTRYRQFLCNVNDPALSDFRSNNRHCQ,,,,,,,,BhrPETase_variants_meanembeddings,BhrPETase_7EOA_Repair_6_meanembeddings,
H164E,H164E,84.5,,1.57,BhrPETase,Cui,,MQVVLGRVRSAGLLAALLALAAWALVWASPSAEAQSNPYQRGPNPTRSALTTDGPFSVATYSVSRLSVSGFGGGVIYYPTGTTLTFGGIAMSPGYTADASSLAWLGRRLASHGFVVIVINTNSRLDFPDSRASQLSAALNYLRTSSPSAVRARLDANRLAVAGESMGGGATLRISEQIPTLKAGVPLTPWHTDKTFNTPVPQLIVGAEADTVAPVSQHAIPFYQNLPSTTPKVYVELDNATHFAPNSPNAAISVYTISWMKLWVDNDTRYRQFLCNVNDPALSDFRSNNRHCQ,,,,,,,,BhrPETase_variants_meanembeddings,BhrPETase_7EOA_Repair_7_meanembeddings,
H164F,H164F,83,,3.14,BhrPETase,Cui,,MQVVLGRVRSAGLLAALLALAAWALVWASPSAEAQSNPYQRGPNPTRSALTTDGPFSVATYSVSRLSVSGFGGGVIYYPTGTTLTFGGIAMSPGYTADASSLAWLGRRLASHGFVVIVINTNSRLDFPDSRASQLSAALNYLRTSSPSAVRARLDANRLAVAGFSMGGGATLRISEQIPTLKAGVPLTPWHTDKTFNTPVPQLIVGAEADTVAPVSQHAIPFYQNLPSTTPKVYVELDNATHFAPNSPNAAISVYTISWMKLWVDNDTRYRQFLCNVNDPALSDFRSNNRHCQ,,,,,,,,BhrPETase_variants_meanembeddings,BhrPETase_7EOA_Repair_8_meanembeddings,
H164L,H164L,82,,1.1,BhrPETase,Cui,,MQVVLGRVRSAGLLAALLALAAWALVWASPSAEAQSNPYQRGPNPTRSALTTDGPFSVATYSVSRLSVSGFGGGVIYYPTGTTLTFGGIAMSPGYTADASSLAWLGRRLASHGFVVIVINTNSRLDFPDSRASQLSAALNYLRTSSPSAVRARLDANRLAVAGLSMGGGATLRISEQIPTLKAGVPLTPWHTDKTFNTPVPQLIVGAEADTVAPVSQHAIPFYQNLPSTTPKVYVELDNATHFAPNSPNAAISVYTISWMKLWVDNDTRYRQFLCNVNDPALSDFRSNNRHCQ,,,,,,,,BhrPETase_variants_meanembeddings,BhrPETase_7EOA_Repair_9_meanembeddings,
H164Q,H164Q,91,,4.21,BhrPETase,Cui,,MQVVLGRVRSAGLLAALLALAAWALVWASPSAEAQSNPYQRGPNPTRSALTTDGPFSVATYSVSRLSVSGFGGGVIYYPTGTTLTFGGIAMSPGYTADASSLAWLGRRLASHGFVVIVINTNSRLDFPDSRASQLSAALNYLRTSSPSAVRARLDANRLAVAGQSMGGGATLRISEQIPTLKAGVPLTPWHTDKTFNTPVPQLIVGAEADTVAPVSQHAIPFYQNLPSTTPKVYVELDNATHFAPNSPNAAISVYTISWMKLWVDNDTRYRQFLCNVNDPALSDFRSNNRHCQ,,,,,,,,BhrPETase_variants_meanembeddings,BhrPETase_7EOA_Repair_10_meanembeddings,
H164S,H164S,90.5,,1.69,BhrPETase,Cui,,MQVVLGRVRSAGLLAALLALAAWALVWASPSAEAQSNPYQRGPNPTRSALTTDGPFSVATYSVSRLSVSGFGGGVIYYPTGTTLTFGGIAMSPGYTADASSLAWLGRRLASHGFVVIVINTNSRLDFPDSRASQLSAALNYLRTSSPSAVRARLDANRLAVAGSSMGGGATLRISEQIPTLKAGVPLTPWHTDKTFNTPVPQLIVGAEADTVAPVSQHAIPFYQNLPSTTPKVYVELDNATHFAPNSPNAAISVYTISWMKLWVDNDTRYRQFLCNVNDPALSDFRSNNRHCQ,,,,,,,,BhrPETase_variants_meanembeddings,BhrPETase_7EOA_Repair_11_meanembeddings,
H191D,H191D,96,,5.48,BhrPETase,Cui,,MQVVLGRVRSAGLLAALLALAAWALVWASPSAEAQSNPYQRGPNPTRSALTTDGPFSVATYSVSRLSVSGFGGGVIYYPTGTTLTFGGIAMSPGYTADASSLAWLGRRLASHGFVVIVINTNSRLDFPDSRASQLSAALNYLRTSSPSAVRARLDANRLAVAGHSMGGGATLRISEQIPTLKAGVPLTPWDTDKTFNTPVPQLIVGAEADTVAPVSQHAIPFYQNLPSTTPKVYVELDNATHFAPNSPNAAISVYTISWMKLWVDNDTRYRQFLCNVNDPALSDFRSNNRHCQ,,,,,,,,BhrPETase_variants_meanembeddings,BhrPETase_7EOA_Repair_12_meanembeddings,
H191L,H191L,79.5,,6.7,BhrPETase,Cui,,MQVVLGRVRSAGLLAALLALAAWALVWASPSAEAQSNPYQRGPNPTRSALTTDGPFSVATYSVSRLSVSGFGGGVIYYPTGTTLTFGGIAMSPGYTADASSLAWLGRRLASHGFVVIVINTNSRLDFPDSRASQLSAALNYLRTSSPSAVRARLDANRLAVAGHSMGGGATLRISEQIPTLKAGVPLTPWLTDKTFNTPVPQLIVGAEADTVAPVSQHAIPFYQNLPSTTPKVYVELDNATHFAPNSPNAAISVYTISWMKLWVDNDTRYRQFLCNVNDPALSDFRSNNRHCQ,,,,,,,,BhrPETase_variants_meanembeddings,BhrPETase_7EOA_Repair_13_meanembeddings,
H191M,H191M,86.5,,5.68,BhrPETase,Cui,,MQVVLGRVRSAGLLAALLALAAWALVWASPSAEAQSNPYQRGPNPTRSALTTDGPFSVATYSVSRLSVSGFGGGVIYYPTGTTLTFGGIAMSPGYTADASSLAWLGRRLASHGFVVIVINTNSRLDFPDSRASQLSAALNYLRTSSPSAVRARLDANRLAVAGHSMGGGATLRISEQIPTLKAGVPLTPWMTDKTFNTPVPQLIVGAEADTVAPVSQHAIPFYQNLPSTTPKVYVELDNATHFAPNSPNAAISVYTISWMKLWVDNDTRYRQFLCNVNDPALSDFRSNNRHCQ,,,,,,,,BhrPETase_variants_meanembeddings,BhrPETase_7EOA_Repair_14_meanembeddings,
H191S,H191S,91,,9.57,BhrPETase,Cui,,MQVVLGRVRSAGLLAALLALAAWALVWASPSAEAQSNPYQRGPNPTRSALTTDGPFSVATYSVSRLSVSGFGGGVIYYPTGTTLTFGGIAMSPGYTADASSLAWLGRRLASHGFVVIVINTNSRLDFPDSRASQLSAALNYLRTSSPSAVRARLDANRLAVAGHSMGGGATLRISEQIPTLKAGVPLTPWSTDKTFNTPVPQLIVGAEADTVAPVSQHAIPFYQNLPSTTPKVYVELDNATHFAPNSPNAAISVYTISWMKLWVDNDTRYRQFLCNVNDPALSDFRSNNRHCQ,,,,,,,,BhrPETase_variants_meanembeddings,BhrPETase_7EOA_Repair_15_meanembeddings,
H191Y,H191Y,87,,8.83,BhrPETase,Cui,,MQVVLGRVRSAGLLAALLALAAWALVWASPSAEAQSNPYQRGPNPTRSALTTDGPFSVATYSVSRLSVSGFGGGVIYYPTGTTLTFGGIAMSPGYTADASSLAWLGRRLASHGFVVIVINTNSRLDFPDSRASQLSAALNYLRTSSPSAVRARLDANRLAVAGHSMGGGATLRISEQIPTLKAGVPLTPWYTDKTFNTPVPQLIVGAEADTVAPVSQHAIPFYQNLPSTTPKVYVELDNATHFAPNSPNAAISVYTISWMKLWVDNDTRYRQFLCNVNDPALSDFRSNNRHCQ,,,,,,,,BhrPETase_variants_meanembeddings,BhrPETase_7EOA_Repair_16_meanembeddings,
H218S,H218S,80.5,,17.56,BhrPETase,Cui,,MQVVLGRVRSAGLLAALLALAAWALVWASPSAEAQSNPYQRGPNPTRSALTTDGPFSVATYSVSRLSVSGFGGGVIYYPTGTTLTFGGIAMSPGYTADASSLAWLGRRLASHGFVVIVINTNSRLDFPDSRASQLSAALNYLRTSSPSAVRARLDANRLAVAGHSMGGGATLRISEQIPTLKAGVPLTPWHTDKTFNTPVPQLIVGAEADTVAPVSQSAIPFYQNLPSTTPKVYVELDNATHFAPNSPNAAISVYTISWMKLWVDNDTRYRQFLCNVNDPALSDFRSNNRHCQ,,,,,,,,BhrPETase_variants_meanembeddings,BhrPETase_7EOA_Repair_17_meanembeddings,
H218S/F222I (M2),H218S/F222I (M2),85,,20.09,BhrPETase,Cui,,MQVVLGRVRSAGLLAALLALAAWALVWASPSAEAQSNPYQRGPNPTRSALTTDGPFSVATYSVSRLSVSGFGGGVIYYPTGTTLTFGGIAMSPGYTADASSLAWLGRRLASHGFVVIVINTNSRLDFPDSRASQLSAALNYLRTSSPSAVRARLDANRLAVAGHSMGGGATLRISEQIPTLKAGVPLTPWHTDKTFNTPVPQLIVGAEADTVAPVSQSAIPIYQNLPSTTPKVYVELDNATHFAPNSPNAAISVYTISWMKLWVDNDTRYRQFLCNVNDPALSDFRSNNRHCQ,,,,,,,,BhrPETase_variants_meanembeddings,BhrPETase_7EOA_Repair_18_meanembeddings,
M166D,M166D,92.5,,0.69,BhrPETase,Cui,,MQVVLGRVRSAGLLAALLALAAWALVWASPSAEAQSNPYQRGPNPTRSALTTDGPFSVATYSVSRLSVSGFGGGVIYYPTGTTLTFGGIAMSPGYTADASSLAWLGRRLASHGFVVIVINTNSRLDFPDSRASQLSAALNYLRTSSPSAVRARLDANRLAVAGHSDGGGATLRISEQIPTLKAGVPLTPWHTDKTFNTPVPQLIVGAEADTVAPVSQHAIPFYQNLPSTTPKVYVELDNATHFAPNSPNAAISVYTISWMKLWVDNDTRYRQFLCNVNDPALSDFRSNNRHCQ,,,,,,,,BhrPETase_variants_meanembeddings,BhrPETase_7EOA_Repair_19_meanembeddings,
M166F,M166F,95,,0.82,BhrPETase,Cui,,MQVVLGRVRSAGLLAALLALAAWALVWASPSAEAQSNPYQRGPNPTRSALTTDGPFSVATYSVSRLSVSGFGGGVIYYPTGTTLTFGGIAMSPGYTADASSLAWLGRRLASHGFVVIVINTNSRLDFPDSRASQLSAALNYLRTSSPSAVRARLDANRLAVAGHSFGGGATLRISEQIPTLKAGVPLTPWHTDKTFNTPVPQLIVGAEADTVAPVSQHAIPFYQNLPSTTPKVYVELDNATHFAPNSPNAAISVYTISWMKLWVDNDTRYRQFLCNVNDPALSDFRSNNRHCQ,,,,,,,,BhrPETase_variants_meanembeddings,BhrPETase_7EOA_Repair_20_meanembeddings,
M166L,M166L,91.5,,0.49,BhrPETase,Cui,,MQVVLGRVRSAGLLAALLALAAWALVWASPSAEAQSNPYQRGPNPTRSALTTDGPFSVATYSVSRLSVSGFGGGVIYYPTGTTLTFGGIAMSPGYTADASSLAWLGRRLASHGFVVIVINTNSRLDFPDSRASQLSAALNYLRTSSPSAVRARLDANRLAVAGHSLGGGATLRISEQIPTLKAGVPLTPWHTDKTFNTPVPQLIVGAEADTVAPVSQHAIPFYQNLPSTTPKVYVELDNATHFAPNSPNAAISVYTISWMKLWVDNDTRYRQFLCNVNDPALSDFRSNNRHCQ,,,,,,,,BhrPETase_variants_meanembeddings,BhrPETase_7EOA_Repair_31_meanembeddings,
M166S,M166S,93.5,,0.85,BhrPETase,Cui,,MQVVLGRVRSAGLLAALLALAAWALVWASPSAEAQSNPYQRGPNPTRSALTTDGPFSVATYSVSRLSVSGFGGGVIYYPTGTTLTFGGIAMSPGYTADASSLAWLGRRLASHGFVVIVINTNSRLDFPDSRASQLSAALNYLRTSSPSAVRARLDANRLAVAGHSSGGGATLRISEQIPTLKAGVPLTPWHTDKTFNTPVPQLIVGAEADTVAPVSQHAIPFYQNLPSTTPKVYVELDNATHFAPNSPNAAISVYTISWMKLWVDNDTRYRQFLCNVNDPALSDFRSNNRHCQ,,,,,,,,BhrPETase_variants_meanembeddings,BhrPETase_7EOA_Repair_32_meanembeddings,
W104C,W104C,87,,8.81,BhrPETase,Cui,,MQVVLGRVRSAGLLAALLALAAWALVWASPSAEAQSNPYQRGPNPTRSALTTDGPFSVATYSVSRLSVSGFGGGVIYYPTGTTLTFGGIAMSPGYTADASSLACLGRRLASHGFVVIVINTNSRLDFPDSRASQLSAALNYLRTSSPSAVRARLDANRLAVAGHSMGGGATLRISEQIPTLKAGVPLTPWHTDKTFNTPVPQLIVGAEADTVAPVSQHAIPFYQNLPSTTPKVYVELDNATHFAPNSPNAAISVYTISWMKLWVDNDTRYRQFLCNVNDPALSDFRSNNRHCQ,,,,,,,,BhrPETase_variants_meanembeddings,BhrPETase_7EOA_Repair_33_meanembeddings,
W104D,W104D,84.5,,15.18,BhrPETase,Cui,,MQVVLGRVRSAGLLAALLALAAWALVWASPSAEAQSNPYQRGPNPTRSALTTDGPFSVATYSVSRLSVSGFGGGVIYYPTGTTLTFGGIAMSPGYTADASSLADLGRRLASHGFVVIVINTNSRLDFPDSRASQLSAALNYLRTSSPSAVRARLDANRLAVAGHSMGGGATLRISEQIPTLKAGVPLTPWHTDKTFNTPVPQLIVGAEADTVAPVSQHAIPFYQNLPSTTPKVYVELDNATHFAPNSPNAAISVYTISWMKLWVDNDTRYRQFLCNVNDPALSDFRSNNRHCQ,,,,,,,,BhrPETase_variants_meanembeddings,BhrPETase_7EOA_Repair_34_meanembeddings,
W104G,W104G,85.5,,10.52,BhrPETase,Cui,,MQVVLGRVRSAGLLAALLALAAWALVWASPSAEAQSNPYQRGPNPTRSALTTDGPFSVATYSVSRLSVSGFGGGVIYYPTGTTLTFGGIAMSPGYTADASSLAGLGRRLASHGFVVIVINTNSRLDFPDSRASQLSAALNYLRTSSPSAVRARLDANRLAVAGHSMGGGATLRISEQIPTLKAGVPLTPWHTDKTFNTPVPQLIVGAEADTVAPVSQHAIPFYQNLPSTTPKVYVELDNATHFAPNSPNAAISVYTISWMKLWVDNDTRYRQFLCNVNDPALSDFRSNNRHCQ,,,,,,,,BhrPETase_variants_meanembeddings,BhrPETase_7EOA_Repair_35_meanembeddings,
W104H,W104H,88.5,,9.62,BhrPETase,Cui,,MQVVLGRVRSAGLLAALLALAAWALVWASPSAEAQSNPYQRGPNPTRSALTTDGPFSVATYSVSRLSVSGFGGGVIYYPTGTTLTFGGIAMSPGYTADASSLAHLGRRLASHGFVVIVINTNSRLDFPDSRASQLSAALNYLRTSSPSAVRARLDANRLAVAGHSMGGGATLRISEQIPTLKAGVPLTPWHTDKTFNTPVPQLIVGAEADTVAPVSQHAIPFYQNLPSTTPKVYVELDNATHFAPNSPNAAISVYTISWMKLWVDNDTRYRQFLCNVNDPALSDFRSNNRHCQ,,,,,,,,BhrPETase_variants_meanembeddings,BhrPETase_7EOA_Repair_36_meanembeddings,
W104L,W104L,85.5,,10.15,BhrPETase,Cui,,MQVVLGRVRSAGLLAALLALAAWALVWASPSAEAQSNPYQRGPNPTRSALTTDGPFSVATYSVSRLSVSGFGGGVIYYPTGTTLTFGGIAMSPGYTADASSLALLGRRLASHGFVVIVINTNSRLDFPDSRASQLSAALNYLRTSSPSAVRARLDANRLAVAGHSMGGGATLRISEQIPTLKAGVPLTPWHTDKTFNTPVPQLIVGAEADTVAPVSQHAIPFYQNLPSTTPKVYVELDNATHFAPNSPNAAISVYTISWMKLWVDNDTRYRQFLCNVNDPALSDFRSNNRHCQ,,,,,,,,BhrPETase_variants_meanembeddings,BhrPETase_7EOA_Repair_37_meanembeddings,
W104R,W104R,85,,1.82,BhrPETase,Cui,,MQVVLGRVRSAGLLAALLALAAWALVWASPSAEAQSNPYQRGPNPTRSALTTDGPFSVATYSVSRLSVSGFGGGVIYYPTGTTLTFGGIAMSPGYTADASSLARLGRRLASHGFVVIVINTNSRLDFPDSRASQLSAALNYLRTSSPSAVRARLDANRLAVAGHSMGGGATLRISEQIPTLKAGVPLTPWHTDKTFNTPVPQLIVGAEADTVAPVSQHAIPFYQNLPSTTPKVYVELDNATHFAPNSPNAAISVYTISWMKLWVDNDTRYRQFLCNVNDPALSDFRSNNRHCQ,,,,,,,,BhrPETase_variants_meanembeddings,BhrPETase_7EOA_Repair_38_meanembeddings,
W104S,W104S,85,,8.68,BhrPETase,Cui,,MQVVLGRVRSAGLLAALLALAAWALVWASPSAEAQSNPYQRGPNPTRSALTTDGPFSVATYSVSRLSVSGFGGGVIYYPTGTTLTFGGIAMSPGYTADASSLASLGRRLASHGFVVIVINTNSRLDFPDSRASQLSAALNYLRTSSPSAVRARLDANRLAVAGHSMGGGATLRISEQIPTLKAGVPLTPWHTDKTFNTPVPQLIVGAEADTVAPVSQHAIPFYQNLPSTTPKVYVELDNATHFAPNSPNAAISVYTISWMKLWVDNDTRYRQFLCNVNDPALSDFRSNNRHCQ,,,,,,,,BhrPETase_variants_meanembeddings,BhrPETase_7EOA_Repair_39_meanembeddings,
W190D,W190D,84,,0.06,BhrPETase,Cui,,MQVVLGRVRSAGLLAALLALAAWALVWASPSAEAQSNPYQRGPNPTRSALTTDGPFSVATYSVSRLSVSGFGGGVIYYPTGTTLTFGGIAMSPGYTADASSLAWLGRRLASHGFVVIVINTNSRLDFPDSRASQLSAALNYLRTSSPSAVRARLDANRLAVAGHSMGGGATLRISEQIPTLKAGVPLTPDHTDKTFNTPVPQLIVGAEADTVAPVSQHAIPFYQNLPSTTPKVYVELDNATHFAPNSPNAAISVYTISWMKLWVDNDTRYRQFLCNVNDPALSDFRSNNRHCQ,,,,,,,,BhrPETase_variants_meanembeddings,BhrPETase_7EOA_Repair_40_meanembeddings,
W190H,W190H,84,,4.25,BhrPETase,Cui,,MQVVLGRVRSAGLLAALLALAAWALVWASPSAEAQSNPYQRGPNPTRSALTTDGPFSVATYSVSRLSVSGFGGGVIYYPTGTTLTFGGIAMSPGYTADASSLAWLGRRLASHGFVVIVINTNSRLDFPDSRASQLSAALNYLRTSSPSAVRARLDANRLAVAGHSMGGGATLRISEQIPTLKAGVPLTPHHTDKTFNTPVPQLIVGAEADTVAPVSQHAIPFYQNLPSTTPKVYVELDNATHFAPNSPNAAISVYTISWMKLWVDNDTRYRQFLCNVNDPALSDFRSNNRHCQ,,,,,,,,BhrPETase_variants_meanembeddings,BhrPETase_7EOA_Repair_41_meanembeddings,
W190L,W190L,88,,0.1,BhrPETase,Cui,,MQVVLGRVRSAGLLAALLALAAWALVWASPSAEAQSNPYQRGPNPTRSALTTDGPFSVATYSVSRLSVSGFGGGVIYYPTGTTLTFGGIAMSPGYTADASSLAWLGRRLASHGFVVIVINTNSRLDFPDSRASQLSAALNYLRTSSPSAVRARLDANRLAVAGHSMGGGATLRISEQIPTLKAGVPLTPLHTDKTFNTPVPQLIVGAEADTVAPVSQHAIPFYQNLPSTTPKVYVELDNATHFAPNSPNAAISVYTISWMKLWVDNDTRYRQFLCNVNDPALSDFRSNNRHCQ,,,,,,,,BhrPETase_variants_meanembeddings,BhrPETase_7EOA_Repair_42_meanembeddings,
W190M,W190M,89.5,,0.32,BhrPETase,Cui,,MQVVLGRVRSAGLLAALLALAAWALVWASPSAEAQSNPYQRGPNPTRSALTTDGPFSVATYSVSRLSVSGFGGGVIYYPTGTTLTFGGIAMSPGYTADASSLAWLGRRLASHGFVVIVINTNSRLDFPDSRASQLSAALNYLRTSSPSAVRARLDANRLAVAGHSMGGGATLRISEQIPTLKAGVPLTPMHTDKTFNTPVPQLIVGAEADTVAPVSQHAIPFYQNLPSTTPKVYVELDNATHFAPNSPNAAISVYTISWMKLWVDNDTRYRQFLCNVNDPALSDFRSNNRHCQ,,,,,,,,BhrPETase_variants_meanembeddings,BhrPETase_7EOA_Repair_43_meanembeddings,
W190S,W190S,84.5,,2.02,BhrPETase,Cui,,MQVVLGRVRSAGLLAALLALAAWALVWASPSAEAQSNPYQRGPNPTRSALTTDGPFSVATYSVSRLSVSGFGGGVIYYPTGTTLTFGGIAMSPGYTADASSLAWLGRRLASHGFVVIVINTNSRLDFPDSRASQLSAALNYLRTSSPSAVRARLDANRLAVAGHSMGGGATLRISEQIPTLKAGVPLTPSHTDKTFNTPVPQLIVGAEADTVAPVSQHAIPFYQNLPSTTPKVYVELDNATHFAPNSPNAAISVYTISWMKLWVDNDTRYRQFLCNVNDPALSDFRSNNRHCQ,,,,,,,,BhrPETase_variants_meanembeddings,BhrPETase_7EOA_Repair_44_meanembeddings,
WT  BhRPETase,-,-,-,-,BhrPETase,-,7EOA,MQVVLGRVRSAGLLAALLALAAWALVWASPSAEAQSNPYQRGPNPTRSALTTDGPFSVATYSVSRLSVSGFGGGVIYYPTGTTLTFGGIAMSPGYTADASSLAWLGRRLASHGFVVIVINTNSRLDFPDSRASQLSAALNYLRTSSPSAVRARLDANRLAVAGHSMGGGATLRISEQIPTLKAGVPLTPWHTDKTFNTPVPQLIVGAEADTVAPVSQHAIPFYQNLPSTTPKVYVELDNATHFAPNSPNAAISVYTISWMKLWVDNDTRYRQFLCNVNDPALSDFRSNNRHCQ,Wild type homolog of PEtase found in bacteria HR,none,,,,,,,,
wt BhrPETase (released product yield mM),BhrPETase,96,,7.57,BhrPETase,Cui,7EOA ,MQVVLGRVRSAGLLAALLALAAWALVWASPSAEAQSNPYQRGPNPTRSALTTDGPFSVATYSVSRLSVSGFGGGVIYYPTGTTLTFGGIAMSPGYTADASSLAWLGRRLASHGFVVIVINTNSRLDFPDSRASQLSAALNYLRTSSPSAVRARLDANRLAVAGHSMGGGATLRISEQIPTLKAGVPLTPWHTDKTFNTPVPQLIVGAEADTVAPVSQHAIPFYQNLPSTTPKVYVELDNATHFAPNSPNAAISVYTISWMKLWVDNDTRYRQFLCNVNDPALSDFRSNNRHCQ,"Cui et al. (on DuraPETase derived from IsPETase) engineered the enzyme using a computational “GRAPE” strategy and achieved a melting temperature (Tₘ) increase of ~31 °C relative to the wild-type, enhancing its thermostability for PET hydrolysis.",,,,,,,,,