aa_seq	rank__submission_aggressive	rank__submission_balanced	rank__submission_base_only	rank__submission_conservative	rank__submission_diverse	wt_idx	n_present	mean_rank	median_rank	best_rank_any	worst_rank_any	in_top10_count	in_top50_count	in_top100_count	in_top250_count	in_top500_count	in_top1000_count
AADNPYQRGPDPTNASIEAATGPFAAGTQPIVGASGFGGGQIYYPTDTSQTYGAVVIVPGFISVWAQLNWLGPRLASQGFVVIGIETSVITDLPDPRGDQALAALDWATTRSPVASRIDRTRLAAAGWSMGGGGLRRAALQRPSLKAIVGMAPWNGERNWSAVTVPTLFFGGSSDAVASPNDHAKPFYNSITRAEKDYIELRNADHFFPTSANTTMAKYFISWLKRWVDNDTRYTQFLCPGPSTGLFAPVSASMNTCPF	1	1	1	1	1	tournament_wt_1	5	1.0	1.0	1	1	5	5	5	5	5	5
AADNPYQRGPDPTNASIEAATGPFACGTQPIVGASGFGGGQIYYPTDTSQTYGAVVIVPGFISVWAQLNWLGPRLASQGFVVIGIETSVITDLPDPRGDQALAALDWATTRSPVASRIDRTRLAAAGWSMGGGGLRRAALQRPSLKAIVGMAPWNGERNWSAVTVPTLFFGGSSDAVASPNDHAKPFYNSITRAEKDYIELRNADHFFPTSANTTMAKYFISWLKRWVDNDTRYTQFLCPGPSTGLFAPVSASMNTCPF	2	2	2	2	2	tournament_wt_1	5	2.0	2.0	2	2	5	5	5	5	5	5
AADNPYQRGPDPTNASIEAATGPFADGTQPIVGASGFGGGQIYYPTDTSQTYGAVVIVPGFISVWAQLNWLGPRLASQGFVVIGIETSVITDLPDPRGDQALAALDWATTRSPVASRIDRTRLAAAGWSMGGGGLRRAALQRPSLKAIVGMAPWNGERNWSAVTVPTLFFGGSSDAVASPNDHAKPFYNSITRAEKDYIELRNADHFFPTSANTTMAKYFISWLKRWVDNDTRYTQFLCPGPSTGLFAPVSASMNTCPF	3	3	3	3	3	tournament_wt_1	5	3.0	3.0	3	3	5	5	5	5	5	5
AADNPYQRGPDPTNASIEAATGPFAEGTQPIVGASGFGGGQIYYPTDTSQTYGAVVIVPGFISVWAQLNWLGPRLASQGFVVIGIETSVITDLPDPRGDQALAALDWATTRSPVASRIDRTRLAAAGWSMGGGGLRRAALQRPSLKAIVGMAPWNGERNWSAVTVPTLFFGGSSDAVASPNDHAKPFYNSITRAEKDYIELRNADHFFPTSANTTMAKYFISWLKRWVDNDTRYTQFLCPGPSTGLFAPVSASMNTCPF	4	4	4	4	4	tournament_wt_1	5	4.0	4.0	4	4	5	5	5	5	5	5
AADNPYQRGPDPTNASIEAATGPFAFGTQPIVGASGFGGGQIYYPTDTSQTYGAVVIVPGFISVWAQLNWLGPRLASQGFVVIGIETSVITDLPDPRGDQALAALDWATTRSPVASRIDRTRLAAAGWSMGGGGLRRAALQRPSLKAIVGMAPWNGERNWSAVTVPTLFFGGSSDAVASPNDHAKPFYNSITRAEKDYIELRNADHFFPTSANTTMAKYFISWLKRWVDNDTRYTQFLCPGPSTGLFAPVSASMNTCPF	5	5	5	5	5	tournament_wt_1	5	5.0	5.0	5	5	5	5	5	5	5	5
AADNPYQRGPDPTNASIEAATGPFAGGTQPIVGASGFGGGQIYYPTDTSQTYGAVVIVPGFISVWAQLNWLGPRLASQGFVVIGIETSVITDLPDPRGDQALAALDWATTRSPVASRIDRTRLAAAGWSMGGGGLRRAALQRPSLKAIVGMAPWNGERNWSAVTVPTLFFGGSSDAVASPNDHAKPFYNSITRAEKDYIELRNADHFFPTSANTTMAKYFISWLKRWVDNDTRYTQFLCPGPSTGLFAPVSASMNTCPF	6	6	6	6	6	tournament_wt_1	5	6.0	6.0	6	6	5	5	5	5	5	5
AADNPYQRGPDPTNASIEAATGPFAHGTQPIVGASGFGGGQIYYPTDTSQTYGAVVIVPGFISVWAQLNWLGPRLASQGFVVIGIETSVITDLPDPRGDQALAALDWATTRSPVASRIDRTRLAAAGWSMGGGGLRRAALQRPSLKAIVGMAPWNGERNWSAVTVPTLFFGGSSDAVASPNDHAKPFYNSITRAEKDYIELRNADHFFPTSANTTMAKYFISWLKRWVDNDTRYTQFLCPGPSTGLFAPVSASMNTCPF	7	7	7	7	7	tournament_wt_1	5	7.0	7.0	7	7	5	5	5	5	5	5
AADNPYQRGPDPTNASIEAATGPFAIGTQPIVGASGFGGGQIYYPTDTSQTYGAVVIVPGFISVWAQLNWLGPRLASQGFVVIGIETSVITDLPDPRGDQALAALDWATTRSPVASRIDRTRLAAAGWSMGGGGLRRAALQRPSLKAIVGMAPWNGERNWSAVTVPTLFFGGSSDAVASPNDHAKPFYNSITRAEKDYIELRNADHFFPTSANTTMAKYFISWLKRWVDNDTRYTQFLCPGPSTGLFAPVSASMNTCPF	8	8	8	8	8	tournament_wt_1	5	8.0	8.0	8	8	5	5	5	5	5	5
AADNPYQRGPDPTNASIEAATGPFAKGTQPIVGASGFGGGQIYYPTDTSQTYGAVVIVPGFISVWAQLNWLGPRLASQGFVVIGIETSVITDLPDPRGDQALAALDWATTRSPVASRIDRTRLAAAGWSMGGGGLRRAALQRPSLKAIVGMAPWNGERNWSAVTVPTLFFGGSSDAVASPNDHAKPFYNSITRAEKDYIELRNADHFFPTSANTTMAKYFISWLKRWVDNDTRYTQFLCPGPSTGLFAPVSASMNTCPF	9	9	9	9	9	tournament_wt_1	5	9.0	9.0	9	9	5	5	5	5	5	5
AADNPYQRGPDPTNASIEAATGPFALGTQPIVGASGFGGGQIYYPTDTSQTYGAVVIVPGFISVWAQLNWLGPRLASQGFVVIGIETSVITDLPDPRGDQALAALDWATTRSPVASRIDRTRLAAAGWSMGGGGLRRAALQRPSLKAIVGMAPWNGERNWSAVTVPTLFFGGSSDAVASPNDHAKPFYNSITRAEKDYIELRNADHFFPTSANTTMAKYFISWLKRWVDNDTRYTQFLCPGPSTGLFAPVSASMNTCPF	10	10	10	10	10	tournament_wt_1	5	10.0	10.0	10	10	5	5	5	5	5	5
AADNPYQRGPDPTNASIEAATGPFAMGTQPIVGASGFGGGQIYYPTDTSQTYGAVVIVPGFISVWAQLNWLGPRLASQGFVVIGIETSVITDLPDPRGDQALAALDWATTRSPVASRIDRTRLAAAGWSMGGGGLRRAALQRPSLKAIVGMAPWNGERNWSAVTVPTLFFGGSSDAVASPNDHAKPFYNSITRAEKDYIELRNADHFFPTSANTTMAKYFISWLKRWVDNDTRYTQFLCPGPSTGLFAPVSASMNTCPF	11	11	11	11	11	tournament_wt_1	5	11.0	11.0	11	11	0	5	5	5	5	5
AADNPYQRGPDPTNASIEAATGPFANGTQPIVGASGFGGGQIYYPTDTSQTYGAVVIVPGFISVWAQLNWLGPRLASQGFVVIGIETSVITDLPDPRGDQALAALDWATTRSPVASRIDRTRLAAAGWSMGGGGLRRAALQRPSLKAIVGMAPWNGERNWSAVTVPTLFFGGSSDAVASPNDHAKPFYNSITRAEKDYIELRNADHFFPTSANTTMAKYFISWLKRWVDNDTRYTQFLCPGPSTGLFAPVSASMNTCPF	12	12	12	12	12	tournament_wt_1	5	12.0	12.0	12	12	0	5	5	5	5	5
AADNPYQRGPDPTNASIEAATGPFAPGTQPIVGASGFGGGQIYYPTDTSQTYGAVVIVPGFISVWAQLNWLGPRLASQGFVVIGIETSVITDLPDPRGDQALAALDWATTRSPVASRIDRTRLAAAGWSMGGGGLRRAALQRPSLKAIVGMAPWNGERNWSAVTVPTLFFGGSSDAVASPNDHAKPFYNSITRAEKDYIELRNADHFFPTSANTTMAKYFISWLKRWVDNDTRYTQFLCPGPSTGLFAPVSASMNTCPF	13	13	13	13	13	tournament_wt_1	5	13.0	13.0	13	13	0	5	5	5	5	5
AADNPYQRGPDPTNASIEAATGPFAQGTQPIVGASGFGGGQIYYPTDTSQTYGAVVIVPGFISVWAQLNWLGPRLASQGFVVIGIETSVITDLPDPRGDQALAALDWATTRSPVASRIDRTRLAAAGWSMGGGGLRRAALQRPSLKAIVGMAPWNGERNWSAVTVPTLFFGGSSDAVASPNDHAKPFYNSITRAEKDYIELRNADHFFPTSANTTMAKYFISWLKRWVDNDTRYTQFLCPGPSTGLFAPVSASMNTCPF	14	14	14	14	14	tournament_wt_1	5	14.0	14.0	14	14	0	5	5	5	5	5
AADNPYQRGPDPTNASIEAATGPFARGTQPIVGASGFGGGQIYYPTDTSQTYGAVVIVPGFISVWAQLNWLGPRLASQGFVVIGIETSVITDLPDPRGDQALAALDWATTRSPVASRIDRTRLAAAGWSMGGGGLRRAALQRPSLKAIVGMAPWNGERNWSAVTVPTLFFGGSSDAVASPNDHAKPFYNSITRAEKDYIELRNADHFFPTSANTTMAKYFISWLKRWVDNDTRYTQFLCPGPSTGLFAPVSASMNTCPF	15	15	15	15	15	tournament_wt_1	5	15.0	15.0	15	15	0	5	5	5	5	5
AADNPYQRGPDPTNASIEAATGPFASGTQPIVGASGFGGGQIYYPTDTSQTYGAVVIVPGFISVWAQLNWLGPRLASQGFVVIGIETSVITDLPDPRGDQALAALDWATTRSPVASRIDRTRLAAAGWSMGGGGLRRAALQRPSLKAIVGMAPWNGERNWSAVTVPTLFFGGSSDAVASPNDHAKPFYNSITRAEKDYIELRNADHFFPTSANTTMAKYFISWLKRWVDNDTRYTQFLCPGPSTGLFAPVSASMNTCPF	16	16	16	16	16	tournament_wt_1	5	16.0	16.0	16	16	0	5	5	5	5	5
AADNPYQRGPDPTNASIEAATGPFATGTQPIVGASGFGGGQIYYPTDTSQTYGAVVIVPGFISVWAQLNWLGPRLASQGFVVIGIETSVITDLPDPRGDQALAALDWATTRSPVASRIDRTRLAAAGWSMGGGGLRRAALQRPSLKAIVGMAPWNGERNWSAVTVPTLFFGGSSDAVASPNDHAKPFYNSITRAEKDYIELRNADHFFPTSANTTMAKYFISWLKRWVDNDTRYTQFLCPGPSTGLFAPVSASMNTCPF	17	17	17	17	17	tournament_wt_1	5	17.0	17.0	17	17	0	5	5	5	5	5
AADNPYQRGPDPTNASIEAATGPFAVGTAPIVGASGFGGGQIYYPTDTSQTYGAVVIVPGFISVWAQLNWLGPRLASQGFVVIGIETSVITDLPDPRGDQALAALDWATTRSPVASRIDRTRLAAAGWSMGGGGLRRAALQRPSLKAIVGMAPWNGERNWSAVTVPTLFFGGSSDAVASPNDHAKPFYNSITRAEKDYIELRNADHFFPTSANTTMAKYFISWLKRWVDNDTRYTQFLCPGPSTGLFAPVSASMNTCPF	18	18	18	18	18	tournament_wt_1	5	18.0	18.0	18	18	0	5	5	5	5	5
AADNPYQRGPDPTNASIEAATGPFAVGTCPIVGASGFGGGQIYYPTDTSQTYGAVVIVPGFISVWAQLNWLGPRLASQGFVVIGIETSVITDLPDPRGDQALAALDWATTRSPVASRIDRTRLAAAGWSMGGGGLRRAALQRPSLKAIVGMAPWNGERNWSAVTVPTLFFGGSSDAVASPNDHAKPFYNSITRAEKDYIELRNADHFFPTSANTTMAKYFISWLKRWVDNDTRYTQFLCPGPSTGLFAPVSASMNTCPF	19	19	19	19	19	tournament_wt_1	5	19.0	19.0	19	19	0	5	5	5	5	5
AADNPYQRGPDPTNASIEAATGPFAVGTDPIVGASGFGGGQIYYPTDTSQTYGAVVIVPGFISVWAQLNWLGPRLASQGFVVIGIETSVITDLPDPRGDQALAALDWATTRSPVASRIDRTRLAAAGWSMGGGGLRRAALQRPSLKAIVGMAPWNGERNWSAVTVPTLFFGGSSDAVASPNDHAKPFYNSITRAEKDYIELRNADHFFPTSANTTMAKYFISWLKRWVDNDTRYTQFLCPGPSTGLFAPVSASMNTCPF	20	20	20	20	20	tournament_wt_1	5	20.0	20.0	20	20	0	5	5	5	5	5
AADNPYQRGPDPTNASIEAATGPFAVGTEPIVGASGFGGGQIYYPTDTSQTYGAVVIVPGFISVWAQLNWLGPRLASQGFVVIGIETSVITDLPDPRGDQALAALDWATTRSPVASRIDRTRLAAAGWSMGGGGLRRAALQRPSLKAIVGMAPWNGERNWSAVTVPTLFFGGSSDAVASPNDHAKPFYNSITRAEKDYIELRNADHFFPTSANTTMAKYFISWLKRWVDNDTRYTQFLCPGPSTGLFAPVSASMNTCPF	21	21	21	21	21	tournament_wt_1	5	21.0	21.0	21	21	0	5	5	5	5	5
AADNPYQRGPDPTNASIEAATGPFAVGTFPIVGASGFGGGQIYYPTDTSQTYGAVVIVPGFISVWAQLNWLGPRLASQGFVVIGIETSVITDLPDPRGDQALAALDWATTRSPVASRIDRTRLAAAGWSMGGGGLRRAALQRPSLKAIVGMAPWNGERNWSAVTVPTLFFGGSSDAVASPNDHAKPFYNSITRAEKDYIELRNADHFFPTSANTTMAKYFISWLKRWVDNDTRYTQFLCPGPSTGLFAPVSASMNTCPF	22	22	22	22	22	tournament_wt_1	5	22.0	22.0	22	22	0	5	5	5	5	5
AADNPYQRGPDPTNASIEAATGPFAVGTGPIVGASGFGGGQIYYPTDTSQTYGAVVIVPGFISVWAQLNWLGPRLASQGFVVIGIETSVITDLPDPRGDQALAALDWATTRSPVASRIDRTRLAAAGWSMGGGGLRRAALQRPSLKAIVGMAPWNGERNWSAVTVPTLFFGGSSDAVASPNDHAKPFYNSITRAEKDYIELRNADHFFPTSANTTMAKYFISWLKRWVDNDTRYTQFLCPGPSTGLFAPVSASMNTCPF	23	23	23	23	23	tournament_wt_1	5	23.0	23.0	23	23	0	5	5	5	5	5
AADNPYQRGPDPTNASIEAATGPFAVGTHPIVGASGFGGGQIYYPTDTSQTYGAVVIVPGFISVWAQLNWLGPRLASQGFVVIGIETSVITDLPDPRGDQALAALDWATTRSPVASRIDRTRLAAAGWSMGGGGLRRAALQRPSLKAIVGMAPWNGERNWSAVTVPTLFFGGSSDAVASPNDHAKPFYNSITRAEKDYIELRNADHFFPTSANTTMAKYFISWLKRWVDNDTRYTQFLCPGPSTGLFAPVSASMNTCPF	24	24	24	24	24	tournament_wt_1	5	24.0	24.0	24	24	0	5	5	5	5	5
AADNPYQRGPDPTNASIEAATGPFAVGTIPIVGASGFGGGQIYYPTDTSQTYGAVVIVPGFISVWAQLNWLGPRLASQGFVVIGIETSVITDLPDPRGDQALAALDWATTRSPVASRIDRTRLAAAGWSMGGGGLRRAALQRPSLKAIVGMAPWNGERNWSAVTVPTLFFGGSSDAVASPNDHAKPFYNSITRAEKDYIELRNADHFFPTSANTTMAKYFISWLKRWVDNDTRYTQFLCPGPSTGLFAPVSASMNTCPF	25	25	25	25	25	tournament_wt_1	5	25.0	25.0	25	25	0	5	5	5	5	5
AADNPYQRGPDPTNASIEAATGPFAVGTKPIVGASGFGGGQIYYPTDTSQTYGAVVIVPGFISVWAQLNWLGPRLASQGFVVIGIETSVITDLPDPRGDQALAALDWATTRSPVASRIDRTRLAAAGWSMGGGGLRRAALQRPSLKAIVGMAPWNGERNWSAVTVPTLFFGGSSDAVASPNDHAKPFYNSITRAEKDYIELRNADHFFPTSANTTMAKYFISWLKRWVDNDTRYTQFLCPGPSTGLFAPVSASMNTCPF	26	26	26	26	26	tournament_wt_1	5	26.0	26.0	26	26	0	5	5	5	5	5
AADNPYQRGPDPTNASIEAATGPFAVGTLPIVGASGFGGGQIYYPTDTSQTYGAVVIVPGFISVWAQLNWLGPRLASQGFVVIGIETSVITDLPDPRGDQALAALDWATTRSPVASRIDRTRLAAAGWSMGGGGLRRAALQRPSLKAIVGMAPWNGERNWSAVTVPTLFFGGSSDAVASPNDHAKPFYNSITRAEKDYIELRNADHFFPTSANTTMAKYFISWLKRWVDNDTRYTQFLCPGPSTGLFAPVSASMNTCPF	27	27	27	27	27	tournament_wt_1	5	27.0	27.0	27	27	0	5	5	5	5	5
AADNPYQRGPDPTNASIEAATGPFAVGTMPIVGASGFGGGQIYYPTDTSQTYGAVVIVPGFISVWAQLNWLGPRLASQGFVVIGIETSVITDLPDPRGDQALAALDWATTRSPVASRIDRTRLAAAGWSMGGGGLRRAALQRPSLKAIVGMAPWNGERNWSAVTVPTLFFGGSSDAVASPNDHAKPFYNSITRAEKDYIELRNADHFFPTSANTTMAKYFISWLKRWVDNDTRYTQFLCPGPSTGLFAPVSASMNTCPF	28	28	28	28	28	tournament_wt_1	5	28.0	28.0	28	28	0	5	5	5	5	5
AADNPYQRGPDPTNASIEAATGPFAVGTNPIVGASGFGGGQIYYPTDTSQTYGAVVIVPGFISVWAQLNWLGPRLASQGFVVIGIETSVITDLPDPRGDQALAALDWATTRSPVASRIDRTRLAAAGWSMGGGGLRRAALQRPSLKAIVGMAPWNGERNWSAVTVPTLFFGGSSDAVASPNDHAKPFYNSITRAEKDYIELRNADHFFPTSANTTMAKYFISWLKRWVDNDTRYTQFLCPGPSTGLFAPVSASMNTCPF	29	29	29	29	29	tournament_wt_1	5	29.0	29.0	29	29	0	5	5	5	5	5
AADNPYQRGPDPTNASIEAATGPFAVGTPPIVGASGFGGGQIYYPTDTSQTYGAVVIVPGFISVWAQLNWLGPRLASQGFVVIGIETSVITDLPDPRGDQALAALDWATTRSPVASRIDRTRLAAAGWSMGGGGLRRAALQRPSLKAIVGMAPWNGERNWSAVTVPTLFFGGSSDAVASPNDHAKPFYNSITRAEKDYIELRNADHFFPTSANTTMAKYFISWLKRWVDNDTRYTQFLCPGPSTGLFAPVSASMNTCPF	30	30	30	30	30	tournament_wt_1	5	30.0	30.0	30	30	0	5	5	5	5	5
AADNPYQRGPDPTNASIEAATGPFAVGTQPAVGASGFGGGQIYYPTDTSQTYGAVVIVPGFISVWAQLNWLGPRLASQGFVVIGIETSVITDLPDPRGDQALAALDWATTRSPVASRIDRTRLAAAGWSMGGGGLRRAALQRPSLKAIVGMAPWNGERNWSAVTVPTLFFGGSSDAVASPNDHAKPFYNSITRAEKDYIELRNADHFFPTSANTTMAKYFISWLKRWVDNDTRYTQFLCPGPSTGLFAPVSASMNTCPF	31	31	31	31	31	tournament_wt_1	5	31.0	31.0	31	31	0	5	5	5	5	5
AADNPYQRGPDPTNASIEAATGPFAVGTQPCVGASGFGGGQIYYPTDTSQTYGAVVIVPGFISVWAQLNWLGPRLASQGFVVIGIETSVITDLPDPRGDQALAALDWATTRSPVASRIDRTRLAAAGWSMGGGGLRRAALQRPSLKAIVGMAPWNGERNWSAVTVPTLFFGGSSDAVASPNDHAKPFYNSITRAEKDYIELRNADHFFPTSANTTMAKYFISWLKRWVDNDTRYTQFLCPGPSTGLFAPVSASMNTCPF	32	32	32	32	32	tournament_wt_1	5	32.0	32.0	32	32	0	5	5	5	5	5
AADNPYQRGPDPTNASIEAATGPFAVGTQPDVGASGFGGGQIYYPTDTSQTYGAVVIVPGFISVWAQLNWLGPRLASQGFVVIGIETSVITDLPDPRGDQALAALDWATTRSPVASRIDRTRLAAAGWSMGGGGLRRAALQRPSLKAIVGMAPWNGERNWSAVTVPTLFFGGSSDAVASPNDHAKPFYNSITRAEKDYIELRNADHFFPTSANTTMAKYFISWLKRWVDNDTRYTQFLCPGPSTGLFAPVSASMNTCPF	33	33	33	33	33	tournament_wt_1	5	33.0	33.0	33	33	0	5	5	5	5	5
AADNPYQRGPDPTNASIEAATGPFAVGTQPEVGASGFGGGQIYYPTDTSQTYGAVVIVPGFISVWAQLNWLGPRLASQGFVVIGIETSVITDLPDPRGDQALAALDWATTRSPVASRIDRTRLAAAGWSMGGGGLRRAALQRPSLKAIVGMAPWNGERNWSAVTVPTLFFGGSSDAVASPNDHAKPFYNSITRAEKDYIELRNADHFFPTSANTTMAKYFISWLKRWVDNDTRYTQFLCPGPSTGLFAPVSASMNTCPF	34	34	34	34	34	tournament_wt_1	5	34.0	34.0	34	34	0	5	5	5	5	5
AADNPYQRGPDPTNASIEAATGPFAVGTQPFVGASGFGGGQIYYPTDTSQTYGAVVIVPGFISVWAQLNWLGPRLASQGFVVIGIETSVITDLPDPRGDQALAALDWATTRSPVASRIDRTRLAAAGWSMGGGGLRRAALQRPSLKAIVGMAPWNGERNWSAVTVPTLFFGGSSDAVASPNDHAKPFYNSITRAEKDYIELRNADHFFPTSANTTMAKYFISWLKRWVDNDTRYTQFLCPGPSTGLFAPVSASMNTCPF	35	35	35	35	35	tournament_wt_1	5	35.0	35.0	35	35	0	5	5	5	5	5
AADNPYQRGPDPTNASIEAATGPFAVGTQPGVGASGFGGGQIYYPTDTSQTYGAVVIVPGFISVWAQLNWLGPRLASQGFVVIGIETSVITDLPDPRGDQALAALDWATTRSPVASRIDRTRLAAAGWSMGGGGLRRAALQRPSLKAIVGMAPWNGERNWSAVTVPTLFFGGSSDAVASPNDHAKPFYNSITRAEKDYIELRNADHFFPTSANTTMAKYFISWLKRWVDNDTRYTQFLCPGPSTGLFAPVSASMNTCPF	36	36	36	36	36	tournament_wt_1	5	36.0	36.0	36	36	0	5	5	5	5	5
AADNPYQRGPDPTNASIEAATGPFAVGTQPHVGASGFGGGQIYYPTDTSQTYGAVVIVPGFISVWAQLNWLGPRLASQGFVVIGIETSVITDLPDPRGDQALAALDWATTRSPVASRIDRTRLAAAGWSMGGGGLRRAALQRPSLKAIVGMAPWNGERNWSAVTVPTLFFGGSSDAVASPNDHAKPFYNSITRAEKDYIELRNADHFFPTSANTTMAKYFISWLKRWVDNDTRYTQFLCPGPSTGLFAPVSASMNTCPF	37	37	37	37	37	tournament_wt_1	5	37.0	37.0	37	37	0	5	5	5	5	5
AADNPYQRGPDPTNASIEAATGPFAVGTQPIAGASGFGGGQIYYPTDTSQTYGAVVIVPGFISVWAQLNWLGPRLASQGFVVIGIETSVITDLPDPRGDQALAALDWATTRSPVASRIDRTRLAAAGWSMGGGGLRRAALQRPSLKAIVGMAPWNGERNWSAVTVPTLFFGGSSDAVASPNDHAKPFYNSITRAEKDYIELRNADHFFPTSANTTMAKYFISWLKRWVDNDTRYTQFLCPGPSTGLFAPVSASMNTCPF	38	38	38	38	38	tournament_wt_1	5	38.0	38.0	38	38	0	5	5	5	5	5
AADNPYQRGPDPTNASIEAATGPFAVGTQPICGASGFGGGQIYYPTDTSQTYGAVVIVPGFISVWAQLNWLGPRLASQGFVVIGIETSVITDLPDPRGDQALAALDWATTRSPVASRIDRTRLAAAGWSMGGGGLRRAALQRPSLKAIVGMAPWNGERNWSAVTVPTLFFGGSSDAVASPNDHAKPFYNSITRAEKDYIELRNADHFFPTSANTTMAKYFISWLKRWVDNDTRYTQFLCPGPSTGLFAPVSASMNTCPF	39	39	39	39	39	tournament_wt_1	5	39.0	39.0	39	39	0	5	5	5	5	5
AADNPYQRGPDPTNASIEAATGPFAVGTQPIDGASGFGGGQIYYPTDTSQTYGAVVIVPGFISVWAQLNWLGPRLASQGFVVIGIETSVITDLPDPRGDQALAALDWATTRSPVASRIDRTRLAAAGWSMGGGGLRRAALQRPSLKAIVGMAPWNGERNWSAVTVPTLFFGGSSDAVASPNDHAKPFYNSITRAEKDYIELRNADHFFPTSANTTMAKYFISWLKRWVDNDTRYTQFLCPGPSTGLFAPVSASMNTCPF	40	40	40	40	40	tournament_wt_1	5	40.0	40.0	40	40	0	5	5	5	5	5
AADNPYQRGPDPTNASIEAATGPFAVGTQPIEGASGFGGGQIYYPTDTSQTYGAVVIVPGFISVWAQLNWLGPRLASQGFVVIGIETSVITDLPDPRGDQALAALDWATTRSPVASRIDRTRLAAAGWSMGGGGLRRAALQRPSLKAIVGMAPWNGERNWSAVTVPTLFFGGSSDAVASPNDHAKPFYNSITRAEKDYIELRNADHFFPTSANTTMAKYFISWLKRWVDNDTRYTQFLCPGPSTGLFAPVSASMNTCPF	41	41	41	41	41	tournament_wt_1	5	41.0	41.0	41	41	0	5	5	5	5	5
AADNPYQRGPDPTNASIEAATGPFAVGTQPIFGASGFGGGQIYYPTDTSQTYGAVVIVPGFISVWAQLNWLGPRLASQGFVVIGIETSVITDLPDPRGDQALAALDWATTRSPVASRIDRTRLAAAGWSMGGGGLRRAALQRPSLKAIVGMAPWNGERNWSAVTVPTLFFGGSSDAVASPNDHAKPFYNSITRAEKDYIELRNADHFFPTSANTTMAKYFISWLKRWVDNDTRYTQFLCPGPSTGLFAPVSASMNTCPF	42	42	42	42	42	tournament_wt_1	5	42.0	42.0	42	42	0	5	5	5	5	5
AADNPYQRGPDPTNASIEAATGPFAVGTQPIGGASGFGGGQIYYPTDTSQTYGAVVIVPGFISVWAQLNWLGPRLASQGFVVIGIETSVITDLPDPRGDQALAALDWATTRSPVASRIDRTRLAAAGWSMGGGGLRRAALQRPSLKAIVGMAPWNGERNWSAVTVPTLFFGGSSDAVASPNDHAKPFYNSITRAEKDYIELRNADHFFPTSANTTMAKYFISWLKRWVDNDTRYTQFLCPGPSTGLFAPVSASMNTCPF	43	43	43	43	43	tournament_wt_1	5	43.0	43.0	43	43	0	5	5	5	5	5
AADNPYQRGPDPTNASIEAATGPFAVGTQPIHGASGFGGGQIYYPTDTSQTYGAVVIVPGFISVWAQLNWLGPRLASQGFVVIGIETSVITDLPDPRGDQALAALDWATTRSPVASRIDRTRLAAAGWSMGGGGLRRAALQRPSLKAIVGMAPWNGERNWSAVTVPTLFFGGSSDAVASPNDHAKPFYNSITRAEKDYIELRNADHFFPTSANTTMAKYFISWLKRWVDNDTRYTQFLCPGPSTGLFAPVSASMNTCPF	44	44	44	44	44	tournament_wt_1	5	44.0	44.0	44	44	0	5	5	5	5	5
AADNPYQRGPDPTNASIEAATGPFAVGTQPIIGASGFGGGQIYYPTDTSQTYGAVVIVPGFISVWAQLNWLGPRLASQGFVVIGIETSVITDLPDPRGDQALAALDWATTRSPVASRIDRTRLAAAGWSMGGGGLRRAALQRPSLKAIVGMAPWNGERNWSAVTVPTLFFGGSSDAVASPNDHAKPFYNSITRAEKDYIELRNADHFFPTSANTTMAKYFISWLKRWVDNDTRYTQFLCPGPSTGLFAPVSASMNTCPF	45	45	45	45	45	tournament_wt_1	5	45.0	45.0	45	45	0	5	5	5	5	5
AADNPYQRGPDPTNASIEAATGPFAVGTQPIKGASGFGGGQIYYPTDTSQTYGAVVIVPGFISVWAQLNWLGPRLASQGFVVIGIETSVITDLPDPRGDQALAALDWATTRSPVASRIDRTRLAAAGWSMGGGGLRRAALQRPSLKAIVGMAPWNGERNWSAVTVPTLFFGGSSDAVASPNDHAKPFYNSITRAEKDYIELRNADHFFPTSANTTMAKYFISWLKRWVDNDTRYTQFLCPGPSTGLFAPVSASMNTCPF	46	46	46	46	46	tournament_wt_1	5	46.0	46.0	46	46	0	5	5	5	5	5
AADNPYQRGPDPTNASIEAATGPFAVGTQPILGASGFGGGQIYYPTDTSQTYGAVVIVPGFISVWAQLNWLGPRLASQGFVVIGIETSVITDLPDPRGDQALAALDWATTRSPVASRIDRTRLAAAGWSMGGGGLRRAALQRPSLKAIVGMAPWNGERNWSAVTVPTLFFGGSSDAVASPNDHAKPFYNSITRAEKDYIELRNADHFFPTSANTTMAKYFISWLKRWVDNDTRYTQFLCPGPSTGLFAPVSASMNTCPF	47	47	47	47	47	tournament_wt_1	5	47.0	47.0	47	47	0	5	5	5	5	5
AADNPYQRGPDPTNASIEAATGPFAVGTQPIMGASGFGGGQIYYPTDTSQTYGAVVIVPGFISVWAQLNWLGPRLASQGFVVIGIETSVITDLPDPRGDQALAALDWATTRSPVASRIDRTRLAAAGWSMGGGGLRRAALQRPSLKAIVGMAPWNGERNWSAVTVPTLFFGGSSDAVASPNDHAKPFYNSITRAEKDYIELRNADHFFPTSANTTMAKYFISWLKRWVDNDTRYTQFLCPGPSTGLFAPVSASMNTCPF	48	48	48	48	48	tournament_wt_1	5	48.0	48.0	48	48	0	5	5	5	5	5
AADNPYQRGPDPTNASIEAATGPFAVGTQPINGASGFGGGQIYYPTDTSQTYGAVVIVPGFISVWAQLNWLGPRLASQGFVVIGIETSVITDLPDPRGDQALAALDWATTRSPVASRIDRTRLAAAGWSMGGGGLRRAALQRPSLKAIVGMAPWNGERNWSAVTVPTLFFGGSSDAVASPNDHAKPFYNSITRAEKDYIELRNADHFFPTSANTTMAKYFISWLKRWVDNDTRYTQFLCPGPSTGLFAPVSASMNTCPF	49	49	49	49	49	tournament_wt_1	5	49.0	49.0	49	49	0	5	5	5	5	5
AADNPYQRGPDPTNASIEAATGPFAVGTQPIPGASGFGGGQIYYPTDTSQTYGAVVIVPGFISVWAQLNWLGPRLASQGFVVIGIETSVITDLPDPRGDQALAALDWATTRSPVASRIDRTRLAAAGWSMGGGGLRRAALQRPSLKAIVGMAPWNGERNWSAVTVPTLFFGGSSDAVASPNDHAKPFYNSITRAEKDYIELRNADHFFPTSANTTMAKYFISWLKRWVDNDTRYTQFLCPGPSTGLFAPVSASMNTCPF	50	50	50	50	50	tournament_wt_1	5	50.0	50.0	50	50	0	5	5	5	5	5
AADNPYQRGPDPTNASIEAATGPFAVGTQPIQGASGFGGGQIYYPTDTSQTYGAVVIVPGFISVWAQLNWLGPRLASQGFVVIGIETSVITDLPDPRGDQALAALDWATTRSPVASRIDRTRLAAAGWSMGGGGLRRAALQRPSLKAIVGMAPWNGERNWSAVTVPTLFFGGSSDAVASPNDHAKPFYNSITRAEKDYIELRNADHFFPTSANTTMAKYFISWLKRWVDNDTRYTQFLCPGPSTGLFAPVSASMNTCPF	51	51	51	51	51	tournament_wt_1	5	51.0	51.0	51	51	0	0	5	5	5	5
AADNPYQRGPDPTNASIEAATGPFAVGTQPIRGASGFGGGQIYYPTDTSQTYGAVVIVPGFISVWAQLNWLGPRLASQGFVVIGIETSVITDLPDPRGDQALAALDWATTRSPVASRIDRTRLAAAGWSMGGGGLRRAALQRPSLKAIVGMAPWNGERNWSAVTVPTLFFGGSSDAVASPNDHAKPFYNSITRAEKDYIELRNADHFFPTSANTTMAKYFISWLKRWVDNDTRYTQFLCPGPSTGLFAPVSASMNTCPF	52	52	52	52	52	tournament_wt_1	5	52.0	52.0	52	52	0	0	5	5	5	5
AADNPYQRGPDPTNASIEAATGPFAVGTQPISGASGFGGGQIYYPTDTSQTYGAVVIVPGFISVWAQLNWLGPRLASQGFVVIGIETSVITDLPDPRGDQALAALDWATTRSPVASRIDRTRLAAAGWSMGGGGLRRAALQRPSLKAIVGMAPWNGERNWSAVTVPTLFFGGSSDAVASPNDHAKPFYNSITRAEKDYIELRNADHFFPTSANTTMAKYFISWLKRWVDNDTRYTQFLCPGPSTGLFAPVSASMNTCPF	53	53	53	53	53	tournament_wt_1	5	53.0	53.0	53	53	0	0	5	5	5	5
AADNPYQRGPDPTNASIEAATGPFAVGTQPITGASGFGGGQIYYPTDTSQTYGAVVIVPGFISVWAQLNWLGPRLASQGFVVIGIETSVITDLPDPRGDQALAALDWATTRSPVASRIDRTRLAAAGWSMGGGGLRRAALQRPSLKAIVGMAPWNGERNWSAVTVPTLFFGGSSDAVASPNDHAKPFYNSITRAEKDYIELRNADHFFPTSANTTMAKYFISWLKRWVDNDTRYTQFLCPGPSTGLFAPVSASMNTCPF	54	54	54	54	54	tournament_wt_1	5	54.0	54.0	54	54	0	0	5	5	5	5
AADNPYQRGPDPTNASIEAATGPFAVGTQPIVGASAFGGGQIYYPTDTSQTYGAVVIVPGFISVWAQLNWLGPRLASQGFVVIGIETSVITDLPDPRGDQALAALDWATTRSPVASRIDRTRLAAAGWSMGGGGLRRAALQRPSLKAIVGMAPWNGERNWSAVTVPTLFFGGSSDAVASPNDHAKPFYNSITRAEKDYIELRNADHFFPTSANTTMAKYFISWLKRWVDNDTRYTQFLCPGPSTGLFAPVSASMNTCPF	55	55	55	55	55	tournament_wt_1	5	55.0	55.0	55	55	0	0	5	5	5	5
AADNPYQRGPDPTNASIEAATGPFAVGTQPIVGASCFGGGQIYYPTDTSQTYGAVVIVPGFISVWAQLNWLGPRLASQGFVVIGIETSVITDLPDPRGDQALAALDWATTRSPVASRIDRTRLAAAGWSMGGGGLRRAALQRPSLKAIVGMAPWNGERNWSAVTVPTLFFGGSSDAVASPNDHAKPFYNSITRAEKDYIELRNADHFFPTSANTTMAKYFISWLKRWVDNDTRYTQFLCPGPSTGLFAPVSASMNTCPF	56	56	56	56	56	tournament_wt_1	5	56.0	56.0	56	56	0	0	5	5	5	5
AADNPYQRGPDPTNASIEAATGPFAVGTQPIVGASDFGGGQIYYPTDTSQTYGAVVIVPGFISVWAQLNWLGPRLASQGFVVIGIETSVITDLPDPRGDQALAALDWATTRSPVASRIDRTRLAAAGWSMGGGGLRRAALQRPSLKAIVGMAPWNGERNWSAVTVPTLFFGGSSDAVASPNDHAKPFYNSITRAEKDYIELRNADHFFPTSANTTMAKYFISWLKRWVDNDTRYTQFLCPGPSTGLFAPVSASMNTCPF	57	57	57	57	57	tournament_wt_1	5	57.0	57.0	57	57	0	0	5	5	5	5
AADNPYQRGPDPTNASIEAATGPFAVGTQPIVGASEFGGGQIYYPTDTSQTYGAVVIVPGFISVWAQLNWLGPRLASQGFVVIGIETSVITDLPDPRGDQALAALDWATTRSPVASRIDRTRLAAAGWSMGGGGLRRAALQRPSLKAIVGMAPWNGERNWSAVTVPTLFFGGSSDAVASPNDHAKPFYNSITRAEKDYIELRNADHFFPTSANTTMAKYFISWLKRWVDNDTRYTQFLCPGPSTGLFAPVSASMNTCPF	58	58	58	58	58	tournament_wt_1	5	58.0	58.0	58	58	0	0	5	5	5	5
AADNPYQRGPDPTNASIEAATGPFAVGTQPIVGASFFGGGQIYYPTDTSQTYGAVVIVPGFISVWAQLNWLGPRLASQGFVVIGIETSVITDLPDPRGDQALAALDWATTRSPVASRIDRTRLAAAGWSMGGGGLRRAALQRPSLKAIVGMAPWNGERNWSAVTVPTLFFGGSSDAVASPNDHAKPFYNSITRAEKDYIELRNADHFFPTSANTTMAKYFISWLKRWVDNDTRYTQFLCPGPSTGLFAPVSASMNTCPF	59	59	59	59	59	tournament_wt_1	5	59.0	59.0	59	59	0	0	5	5	5	5
AADNPYQRGPDPTNASIEAATGPFAVGTQPIVGASGAGGGQIYYPTDTSQTYGAVVIVPGFISVWAQLNWLGPRLASQGFVVIGIETSVITDLPDPRGDQALAALDWATTRSPVASRIDRTRLAAAGWSMGGGGLRRAALQRPSLKAIVGMAPWNGERNWSAVTVPTLFFGGSSDAVASPNDHAKPFYNSITRAEKDYIELRNADHFFPTSANTTMAKYFISWLKRWVDNDTRYTQFLCPGPSTGLFAPVSASMNTCPF	60	60	60	60	60	tournament_wt_1	5	60.0	60.0	60	60	0	0	5	5	5	5
AADNPYQRGPDPTNASIEAATGPFAVGTQPIVGASGCGGGQIYYPTDTSQTYGAVVIVPGFISVWAQLNWLGPRLASQGFVVIGIETSVITDLPDPRGDQALAALDWATTRSPVASRIDRTRLAAAGWSMGGGGLRRAALQRPSLKAIVGMAPWNGERNWSAVTVPTLFFGGSSDAVASPNDHAKPFYNSITRAEKDYIELRNADHFFPTSANTTMAKYFISWLKRWVDNDTRYTQFLCPGPSTGLFAPVSASMNTCPF	61	61	61	61	61	tournament_wt_1	5	61.0	61.0	61	61	0	0	5	5	5	5
AADNPYQRGPDPTNASIEAATGPFAVGTQPIVGASGDGGGQIYYPTDTSQTYGAVVIVPGFISVWAQLNWLGPRLASQGFVVIGIETSVITDLPDPRGDQALAALDWATTRSPVASRIDRTRLAAAGWSMGGGGLRRAALQRPSLKAIVGMAPWNGERNWSAVTVPTLFFGGSSDAVASPNDHAKPFYNSITRAEKDYIELRNADHFFPTSANTTMAKYFISWLKRWVDNDTRYTQFLCPGPSTGLFAPVSASMNTCPF	62	62	62	62	62	tournament_wt_1	5	62.0	62.0	62	62	0	0	5	5	5	5
AADNPYQRGPDPTNASIEAATGPFAVGTQPIVGASGEGGGQIYYPTDTSQTYGAVVIVPGFISVWAQLNWLGPRLASQGFVVIGIETSVITDLPDPRGDQALAALDWATTRSPVASRIDRTRLAAAGWSMGGGGLRRAALQRPSLKAIVGMAPWNGERNWSAVTVPTLFFGGSSDAVASPNDHAKPFYNSITRAEKDYIELRNADHFFPTSANTTMAKYFISWLKRWVDNDTRYTQFLCPGPSTGLFAPVSASMNTCPF	63	63	63	63	63	tournament_wt_1	5	63.0	63.0	63	63	0	0	5	5	5	5
AADNPYQRGPDPTNASIEAATGPFAVGTQPIVGASGFGGAQIYYPTDTSQTYGAVVIVPGFISVWAQLNWLGPRLASQGFVVIGIETSVITDLPDPRGDQALAALDWATTRSPVASRIDRTRLAAAGWSMGGGGLRRAALQRPSLKAIVGMAPWNGERNWSAVTVPTLFFGGSSDAVASPNDHAKPFYNSITRAEKDYIELRNADHFFPTSANTTMAKYFISWLKRWVDNDTRYTQFLCPGPSTGLFAPVSASMNTCPF	64	64	64	64	64	tournament_wt_1	5	64.0	64.0	64	64	0	0	5	5	5	5
AADNPYQRGPDPTNASIEAATGPFAVGTQPIVGASGFGGCQIYYPTDTSQTYGAVVIVPGFISVWAQLNWLGPRLASQGFVVIGIETSVITDLPDPRGDQALAALDWATTRSPVASRIDRTRLAAAGWSMGGGGLRRAALQRPSLKAIVGMAPWNGERNWSAVTVPTLFFGGSSDAVASPNDHAKPFYNSITRAEKDYIELRNADHFFPTSANTTMAKYFISWLKRWVDNDTRYTQFLCPGPSTGLFAPVSASMNTCPF	65	65	65	65	65	tournament_wt_1	5	65.0	65.0	65	65	0	0	5	5	5	5
AADNPYQRGPDPTNASIEAATGPFAVGTQPIVGASGFGGDQIYYPTDTSQTYGAVVIVPGFISVWAQLNWLGPRLASQGFVVIGIETSVITDLPDPRGDQALAALDWATTRSPVASRIDRTRLAAAGWSMGGGGLRRAALQRPSLKAIVGMAPWNGERNWSAVTVPTLFFGGSSDAVASPNDHAKPFYNSITRAEKDYIELRNADHFFPTSANTTMAKYFISWLKRWVDNDTRYTQFLCPGPSTGLFAPVSASMNTCPF	66	66	66	66	66	tournament_wt_1	5	66.0	66.0	66	66	0	0	5	5	5	5
AADNPYQRGPDPTNASIEAATGPFAVGTQPIVGASGFGGEQIYYPTDTSQTYGAVVIVPGFISVWAQLNWLGPRLASQGFVVIGIETSVITDLPDPRGDQALAALDWATTRSPVASRIDRTRLAAAGWSMGGGGLRRAALQRPSLKAIVGMAPWNGERNWSAVTVPTLFFGGSSDAVASPNDHAKPFYNSITRAEKDYIELRNADHFFPTSANTTMAKYFISWLKRWVDNDTRYTQFLCPGPSTGLFAPVSASMNTCPF	67	67	67	67	67	tournament_wt_1	5	67.0	67.0	67	67	0	0	5	5	5	5
AADNPYQRGPDPTNASIEAATGPFAVGTQPIVGASGFGGFQIYYPTDTSQTYGAVVIVPGFISVWAQLNWLGPRLASQGFVVIGIETSVITDLPDPRGDQALAALDWATTRSPVASRIDRTRLAAAGWSMGGGGLRRAALQRPSLKAIVGMAPWNGERNWSAVTVPTLFFGGSSDAVASPNDHAKPFYNSITRAEKDYIELRNADHFFPTSANTTMAKYFISWLKRWVDNDTRYTQFLCPGPSTGLFAPVSASMNTCPF	68	68	68	68	68	tournament_wt_1	5	68.0	68.0	68	68	0	0	5	5	5	5
AADNPYQRGPDPTNASIEAATGPFAVGTQPIVGASGFGGGQAYYPTDTSQTYGAVVIVPGFISVWAQLNWLGPRLASQGFVVIGIETSVITDLPDPRGDQALAALDWATTRSPVASRIDRTRLAAAGWSMGGGGLRRAALQRPSLKAIVGMAPWNGERNWSAVTVPTLFFGGSSDAVASPNDHAKPFYNSITRAEKDYIELRNADHFFPTSANTTMAKYFISWLKRWVDNDTRYTQFLCPGPSTGLFAPVSASMNTCPF	69	69	69	69	69	tournament_wt_1	5	69.0	69.0	69	69	0	0	5	5	5	5
AADNPYQRGPDPTNASIEAATGPFAVGTQPIVGASGFGGGQCYYPTDTSQTYGAVVIVPGFISVWAQLNWLGPRLASQGFVVIGIETSVITDLPDPRGDQALAALDWATTRSPVASRIDRTRLAAAGWSMGGGGLRRAALQRPSLKAIVGMAPWNGERNWSAVTVPTLFFGGSSDAVASPNDHAKPFYNSITRAEKDYIELRNADHFFPTSANTTMAKYFISWLKRWVDNDTRYTQFLCPGPSTGLFAPVSASMNTCPF	70	70	70	70	70	tournament_wt_1	5	70.0	70.0	70	70	0	0	5	5	5	5
AADNPYQRGPDPTNASIEAATGPFAVGTQPIVGASGFGGGQDYYPTDTSQTYGAVVIVPGFISVWAQLNWLGPRLASQGFVVIGIETSVITDLPDPRGDQALAALDWATTRSPVASRIDRTRLAAAGWSMGGGGLRRAALQRPSLKAIVGMAPWNGERNWSAVTVPTLFFGGSSDAVASPNDHAKPFYNSITRAEKDYIELRNADHFFPTSANTTMAKYFISWLKRWVDNDTRYTQFLCPGPSTGLFAPVSASMNTCPF	71	71	71	71	71	tournament_wt_1	5	71.0	71.0	71	71	0	0	5	5	5	5
AADNPYQRGPDPTNASIEAATGPFAVGTQPIVGASGFGGGQEYYPTDTSQTYGAVVIVPGFISVWAQLNWLGPRLASQGFVVIGIETSVITDLPDPRGDQALAALDWATTRSPVASRIDRTRLAAAGWSMGGGGLRRAALQRPSLKAIVGMAPWNGERNWSAVTVPTLFFGGSSDAVASPNDHAKPFYNSITRAEKDYIELRNADHFFPTSANTTMAKYFISWLKRWVDNDTRYTQFLCPGPSTGLFAPVSASMNTCPF	72	72	72	72	72	tournament_wt_1	5	72.0	72.0	72	72	0	0	5	5	5	5
AADNPYQRGPDPTNASIEAATGPFAVGTQPIVGASGFGGGQFYYPTDTSQTYGAVVIVPGFISVWAQLNWLGPRLASQGFVVIGIETSVITDLPDPRGDQALAALDWATTRSPVASRIDRTRLAAAGWSMGGGGLRRAALQRPSLKAIVGMAPWNGERNWSAVTVPTLFFGGSSDAVASPNDHAKPFYNSITRAEKDYIELRNADHFFPTSANTTMAKYFISWLKRWVDNDTRYTQFLCPGPSTGLFAPVSASMNTCPF	73	73	73	73	73	tournament_wt_1	5	73.0	73.0	73	73	0	0	5	5	5	5
AADNPYQRGPDPTNASIEAATGPFAVGTQPIVGASGFGGGQGYYPTDTSQTYGAVVIVPGFISVWAQLNWLGPRLASQGFVVIGIETSVITDLPDPRGDQALAALDWATTRSPVASRIDRTRLAAAGWSMGGGGLRRAALQRPSLKAIVGMAPWNGERNWSAVTVPTLFFGGSSDAVASPNDHAKPFYNSITRAEKDYIELRNADHFFPTSANTTMAKYFISWLKRWVDNDTRYTQFLCPGPSTGLFAPVSASMNTCPF	74	74	74	74	74	tournament_wt_1	5	74.0	74.0	74	74	0	0	5	5	5	5
AADNPYQRGPDPTNASIEAATGPFAVGTQPIVGASGFGGGQHYYPTDTSQTYGAVVIVPGFISVWAQLNWLGPRLASQGFVVIGIETSVITDLPDPRGDQALAALDWATTRSPVASRIDRTRLAAAGWSMGGGGLRRAALQRPSLKAIVGMAPWNGERNWSAVTVPTLFFGGSSDAVASPNDHAKPFYNSITRAEKDYIELRNADHFFPTSANTTMAKYFISWLKRWVDNDTRYTQFLCPGPSTGLFAPVSASMNTCPF	75	75	75	75	75	tournament_wt_1	5	75.0	75.0	75	75	0	0	5	5	5	5
AADNPYQRGPDPTNASIEAATGPFAVGTQPIVGASGFGGGQIYYPTDASQTYGAVVIVPGFISVWAQLNWLGPRLASQGFVVIGIETSVITDLPDPRGDQALAALDWATTRSPVASRIDRTRLAAAGWSMGGGGLRRAALQRPSLKAIVGMAPWNGERNWSAVTVPTLFFGGSSDAVASPNDHAKPFYNSITRAEKDYIELRNADHFFPTSANTTMAKYFISWLKRWVDNDTRYTQFLCPGPSTGLFAPVSASMNTCPF	76	76	76	76	76	tournament_wt_1	5	76.0	76.0	76	76	0	0	5	5	5	5
AADNPYQRGPDPTNASIEAATGPFAVGTQPIVGASGFGGGQIYYPTDCSQTYGAVVIVPGFISVWAQLNWLGPRLASQGFVVIGIETSVITDLPDPRGDQALAALDWATTRSPVASRIDRTRLAAAGWSMGGGGLRRAALQRPSLKAIVGMAPWNGERNWSAVTVPTLFFGGSSDAVASPNDHAKPFYNSITRAEKDYIELRNADHFFPTSANTTMAKYFISWLKRWVDNDTRYTQFLCPGPSTGLFAPVSASMNTCPF	77	77	77	77	77	tournament_wt_1	5	77.0	77.0	77	77	0	0	5	5	5	5
AADNPYQRGPDPTNASIEAATGPFAVGTQPIVGASGFGGGQIYYPTDDSQTYGAVVIVPGFISVWAQLNWLGPRLASQGFVVIGIETSVITDLPDPRGDQALAALDWATTRSPVASRIDRTRLAAAGWSMGGGGLRRAALQRPSLKAIVGMAPWNGERNWSAVTVPTLFFGGSSDAVASPNDHAKPFYNSITRAEKDYIELRNADHFFPTSANTTMAKYFISWLKRWVDNDTRYTQFLCPGPSTGLFAPVSASMNTCPF	78	78	78	78	78	tournament_wt_1	5	78.0	78.0	78	78	0	0	5	5	5	5
AADNPYQRGPDPTNASIEAATGPFAVGTQPIVGASGFGGGQIYYPTDESQTYGAVVIVPGFISVWAQLNWLGPRLASQGFVVIGIETSVITDLPDPRGDQALAALDWATTRSPVASRIDRTRLAAAGWSMGGGGLRRAALQRPSLKAIVGMAPWNGERNWSAVTVPTLFFGGSSDAVASPNDHAKPFYNSITRAEKDYIELRNADHFFPTSANTTMAKYFISWLKRWVDNDTRYTQFLCPGPSTGLFAPVSASMNTCPF	79	79	79	79	79	tournament_wt_1	5	79.0	79.0	79	79	0	0	5	5	5	5
AADNPYQRGPDPTNASIEAATGPFAVGTQPIVGASGFGGGQIYYPTDFSQTYGAVVIVPGFISVWAQLNWLGPRLASQGFVVIGIETSVITDLPDPRGDQALAALDWATTRSPVASRIDRTRLAAAGWSMGGGGLRRAALQRPSLKAIVGMAPWNGERNWSAVTVPTLFFGGSSDAVASPNDHAKPFYNSITRAEKDYIELRNADHFFPTSANTTMAKYFISWLKRWVDNDTRYTQFLCPGPSTGLFAPVSASMNTCPF	80	80	80	80	80	tournament_wt_1	5	80.0	80.0	80	80	0	0	5	5	5	5
AADNPYQRGPDPTNASIEAATGPFAVGTQPIVGASGFGGGQIYYPTDGSQTYGAVVIVPGFISVWAQLNWLGPRLASQGFVVIGIETSVITDLPDPRGDQALAALDWATTRSPVASRIDRTRLAAAGWSMGGGGLRRAALQRPSLKAIVGMAPWNGERNWSAVTVPTLFFGGSSDAVASPNDHAKPFYNSITRAEKDYIELRNADHFFPTSANTTMAKYFISWLKRWVDNDTRYTQFLCPGPSTGLFAPVSASMNTCPF	81	81	81	81	81	tournament_wt_1	5	81.0	81.0	81	81	0	0	5	5	5	5
AADNPYQRGPDPTNASIEAATGPFAVGTQPIVGASGFGGGQIYYPTDHSQTYGAVVIVPGFISVWAQLNWLGPRLASQGFVVIGIETSVITDLPDPRGDQALAALDWATTRSPVASRIDRTRLAAAGWSMGGGGLRRAALQRPSLKAIVGMAPWNGERNWSAVTVPTLFFGGSSDAVASPNDHAKPFYNSITRAEKDYIELRNADHFFPTSANTTMAKYFISWLKRWVDNDTRYTQFLCPGPSTGLFAPVSASMNTCPF	82	82	82	82	82	tournament_wt_1	5	82.0	82.0	82	82	0	0	5	5	5	5
AADNPYQRGPDPTNASIEAATGPFAVGTQPIVGASGFGGGQIYYPTDISQTYGAVVIVPGFISVWAQLNWLGPRLASQGFVVIGIETSVITDLPDPRGDQALAALDWATTRSPVASRIDRTRLAAAGWSMGGGGLRRAALQRPSLKAIVGMAPWNGERNWSAVTVPTLFFGGSSDAVASPNDHAKPFYNSITRAEKDYIELRNADHFFPTSANTTMAKYFISWLKRWVDNDTRYTQFLCPGPSTGLFAPVSASMNTCPF	83	83	83	83	83	tournament_wt_1	5	83.0	83.0	83	83	0	0	5	5	5	5
AADNPYQRGPDPTNASIEAATGPFAVGTQPIVGASGFGGGQIYYPTDKSQTYGAVVIVPGFISVWAQLNWLGPRLASQGFVVIGIETSVITDLPDPRGDQALAALDWATTRSPVASRIDRTRLAAAGWSMGGGGLRRAALQRPSLKAIVGMAPWNGERNWSAVTVPTLFFGGSSDAVASPNDHAKPFYNSITRAEKDYIELRNADHFFPTSANTTMAKYFISWLKRWVDNDTRYTQFLCPGPSTGLFAPVSASMNTCPF	84	84	84	84	84	tournament_wt_1	5	84.0	84.0	84	84	0	0	5	5	5	5
AADNPYQRGPDPTNASIEAATGPFAVGTQPIVGASGFGGGQIYYPTDLSQTYGAVVIVPGFISVWAQLNWLGPRLASQGFVVIGIETSVITDLPDPRGDQALAALDWATTRSPVASRIDRTRLAAAGWSMGGGGLRRAALQRPSLKAIVGMAPWNGERNWSAVTVPTLFFGGSSDAVASPNDHAKPFYNSITRAEKDYIELRNADHFFPTSANTTMAKYFISWLKRWVDNDTRYTQFLCPGPSTGLFAPVSASMNTCPF	85	85	85	85	85	tournament_wt_1	5	85.0	85.0	85	85	0	0	5	5	5	5
AADNPYQRGPDPTNASIEAATGPFAVGTQPIVGASGFGGGQIYYPTDMSQTYGAVVIVPGFISVWAQLNWLGPRLASQGFVVIGIETSVITDLPDPRGDQALAALDWATTRSPVASRIDRTRLAAAGWSMGGGGLRRAALQRPSLKAIVGMAPWNGERNWSAVTVPTLFFGGSSDAVASPNDHAKPFYNSITRAEKDYIELRNADHFFPTSANTTMAKYFISWLKRWVDNDTRYTQFLCPGPSTGLFAPVSASMNTCPF	86	86	86	86	86	tournament_wt_1	5	86.0	86.0	86	86	0	0	5	5	5	5
AADNPYQRGPDPTNASIEAATGPFAVGTQPIVGASGFGGGQIYYPTDNSQTYGAVVIVPGFISVWAQLNWLGPRLASQGFVVIGIETSVITDLPDPRGDQALAALDWATTRSPVASRIDRTRLAAAGWSMGGGGLRRAALQRPSLKAIVGMAPWNGERNWSAVTVPTLFFGGSSDAVASPNDHAKPFYNSITRAEKDYIELRNADHFFPTSANTTMAKYFISWLKRWVDNDTRYTQFLCPGPSTGLFAPVSASMNTCPF	87	87	87	87	87	tournament_wt_1	5	87.0	87.0	87	87	0	0	5	5	5	5
AADNPYQRGPDPTNASIEAATGPFAVGTQPIVGASGFGGGQIYYPTDPSQTYGAVVIVPGFISVWAQLNWLGPRLASQGFVVIGIETSVITDLPDPRGDQALAALDWATTRSPVASRIDRTRLAAAGWSMGGGGLRRAALQRPSLKAIVGMAPWNGERNWSAVTVPTLFFGGSSDAVASPNDHAKPFYNSITRAEKDYIELRNADHFFPTSANTTMAKYFISWLKRWVDNDTRYTQFLCPGPSTGLFAPVSASMNTCPF	88	88	88	88	88	tournament_wt_1	5	88.0	88.0	88	88	0	0	5	5	5	5
AADNPYQRGPDPTNASIEAATGPFAVGTQPIVGASGFGGGQIYYPTDQSQTYGAVVIVPGFISVWAQLNWLGPRLASQGFVVIGIETSVITDLPDPRGDQALAALDWATTRSPVASRIDRTRLAAAGWSMGGGGLRRAALQRPSLKAIVGMAPWNGERNWSAVTVPTLFFGGSSDAVASPNDHAKPFYNSITRAEKDYIELRNADHFFPTSANTTMAKYFISWLKRWVDNDTRYTQFLCPGPSTGLFAPVSASMNTCPF	89	89	89	89	89	tournament_wt_1	5	89.0	89.0	89	89	0	0	5	5	5	5
AADNPYQRGPDPTNASIEAATGPFAVGTQPIVGASGFGGGQIYYPTDRSQTYGAVVIVPGFISVWAQLNWLGPRLASQGFVVIGIETSVITDLPDPRGDQALAALDWATTRSPVASRIDRTRLAAAGWSMGGGGLRRAALQRPSLKAIVGMAPWNGERNWSAVTVPTLFFGGSSDAVASPNDHAKPFYNSITRAEKDYIELRNADHFFPTSANTTMAKYFISWLKRWVDNDTRYTQFLCPGPSTGLFAPVSASMNTCPF	90	90	90	90	90	tournament_wt_1	5	90.0	90.0	90	90	0	0	5	5	5	5
AADNPYQRGPDPTNASIEAATGPFAVGTQPIVGASGFGGGQIYYPTDSSQTYGAVVIVPGFISVWAQLNWLGPRLASQGFVVIGIETSVITDLPDPRGDQALAALDWATTRSPVASRIDRTRLAAAGWSMGGGGLRRAALQRPSLKAIVGMAPWNGERNWSAVTVPTLFFGGSSDAVASPNDHAKPFYNSITRAEKDYIELRNADHFFPTSANTTMAKYFISWLKRWVDNDTRYTQFLCPGPSTGLFAPVSASMNTCPF	91	91	91	91	91	tournament_wt_1	5	91.0	91.0	91	91	0	0	5	5	5	5
AADNPYQRGPDPTNASIEAATGPFAVGTQPIVGASGFGGGQIYYPTDTAQTYGAVVIVPGFISVWAQLNWLGPRLASQGFVVIGIETSVITDLPDPRGDQALAALDWATTRSPVASRIDRTRLAAAGWSMGGGGLRRAALQRPSLKAIVGMAPWNGERNWSAVTVPTLFFGGSSDAVASPNDHAKPFYNSITRAEKDYIELRNADHFFPTSANTTMAKYFISWLKRWVDNDTRYTQFLCPGPSTGLFAPVSASMNTCPF	92	92	92	92	92	tournament_wt_1	5	92.0	92.0	92	92	0	0	5	5	5	5
AADNPYQRGPDPTNASIEAATGPFAVGTQPIVGASGFGGGQIYYPTDTCQTYGAVVIVPGFISVWAQLNWLGPRLASQGFVVIGIETSVITDLPDPRGDQALAALDWATTRSPVASRIDRTRLAAAGWSMGGGGLRRAALQRPSLKAIVGMAPWNGERNWSAVTVPTLFFGGSSDAVASPNDHAKPFYNSITRAEKDYIELRNADHFFPTSANTTMAKYFISWLKRWVDNDTRYTQFLCPGPSTGLFAPVSASMNTCPF	93	93	93	93	93	tournament_wt_1	5	93.0	93.0	93	93	0	0	5	5	5	5
AADNPYQRGPDPTNASIEAATGPFAVGTQPIVGASGFGGGQIYYPTDTDQTYGAVVIVPGFISVWAQLNWLGPRLASQGFVVIGIETSVITDLPDPRGDQALAALDWATTRSPVASRIDRTRLAAAGWSMGGGGLRRAALQRPSLKAIVGMAPWNGERNWSAVTVPTLFFGGSSDAVASPNDHAKPFYNSITRAEKDYIELRNADHFFPTSANTTMAKYFISWLKRWVDNDTRYTQFLCPGPSTGLFAPVSASMNTCPF	94	94	94	94	94	tournament_wt_1	5	94.0	94.0	94	94	0	0	5	5	5	5
AADNPYQRGPDPTNASIEAATGPFAVGTQPIVGASGFGGGQIYYPTDTEQTYGAVVIVPGFISVWAQLNWLGPRLASQGFVVIGIETSVITDLPDPRGDQALAALDWATTRSPVASRIDRTRLAAAGWSMGGGGLRRAALQRPSLKAIVGMAPWNGERNWSAVTVPTLFFGGSSDAVASPNDHAKPFYNSITRAEKDYIELRNADHFFPTSANTTMAKYFISWLKRWVDNDTRYTQFLCPGPSTGLFAPVSASMNTCPF	95	95	95	95	95	tournament_wt_1	5	95.0	95.0	95	95	0	0	5	5	5	5
AADNPYQRGPDPTNASIEAATGPFAVGTQPIVGASGFGGGQIYYPTDTFQTYGAVVIVPGFISVWAQLNWLGPRLASQGFVVIGIETSVITDLPDPRGDQALAALDWATTRSPVASRIDRTRLAAAGWSMGGGGLRRAALQRPSLKAIVGMAPWNGERNWSAVTVPTLFFGGSSDAVASPNDHAKPFYNSITRAEKDYIELRNADHFFPTSANTTMAKYFISWLKRWVDNDTRYTQFLCPGPSTGLFAPVSASMNTCPF	96	96	96	96	96	tournament_wt_1	5	96.0	96.0	96	96	0	0	5	5	5	5
AADNPYQRGPDPTNASIEAATGPFAVGTQPIVGASGFGGGQIYYPTDTGQTYGAVVIVPGFISVWAQLNWLGPRLASQGFVVIGIETSVITDLPDPRGDQALAALDWATTRSPVASRIDRTRLAAAGWSMGGGGLRRAALQRPSLKAIVGMAPWNGERNWSAVTVPTLFFGGSSDAVASPNDHAKPFYNSITRAEKDYIELRNADHFFPTSANTTMAKYFISWLKRWVDNDTRYTQFLCPGPSTGLFAPVSASMNTCPF	97	97	97	97	97	tournament_wt_1	5	97.0	97.0	97	97	0	0	5	5	5	5
AADNPYQRGPDPTNASIEAATGPFAVGTQPIVGASGFGGGQIYYPTDTHQTYGAVVIVPGFISVWAQLNWLGPRLASQGFVVIGIETSVITDLPDPRGDQALAALDWATTRSPVASRIDRTRLAAAGWSMGGGGLRRAALQRPSLKAIVGMAPWNGERNWSAVTVPTLFFGGSSDAVASPNDHAKPFYNSITRAEKDYIELRNADHFFPTSANTTMAKYFISWLKRWVDNDTRYTQFLCPGPSTGLFAPVSASMNTCPF	98	98	98	98	98	tournament_wt_1	5	98.0	98.0	98	98	0	0	5	5	5	5
AADNPYQRGPDPTNASIEAATGPFAVGTQPIVGASGFGGGQIYYPTDTIQTYGAVVIVPGFISVWAQLNWLGPRLASQGFVVIGIETSVITDLPDPRGDQALAALDWATTRSPVASRIDRTRLAAAGWSMGGGGLRRAALQRPSLKAIVGMAPWNGERNWSAVTVPTLFFGGSSDAVASPNDHAKPFYNSITRAEKDYIELRNADHFFPTSANTTMAKYFISWLKRWVDNDTRYTQFLCPGPSTGLFAPVSASMNTCPF	99	99	99	99	99	tournament_wt_1	5	99.0	99.0	99	99	0	0	5	5	5	5
AADNPYQRGPDPTNASIEAATGPFAVGTQPIVGASGFGGGQIYYPTDTKQTYGAVVIVPGFISVWAQLNWLGPRLASQGFVVIGIETSVITDLPDPRGDQALAALDWATTRSPVASRIDRTRLAAAGWSMGGGGLRRAALQRPSLKAIVGMAPWNGERNWSAVTVPTLFFGGSSDAVASPNDHAKPFYNSITRAEKDYIELRNADHFFPTSANTTMAKYFISWLKRWVDNDTRYTQFLCPGPSTGLFAPVSASMNTCPF	100	100	100	100	100	tournament_wt_1	5	100.0	100.0	100	100	0	0	5	5	5	5
