Name,Mutations,Protein,Method
D1,A214H/I168R/W159H/S188Q/R280A/A180I/G165A/Q119Y/L17F/T140D/N233C/S282C,IsPETase,ALPHAFOLD
D186F,D186F,IsPETase,FOLDX
D186H,D186H,IsPETase,FOLDX
D186I,D186I,IsPETase,FOLDX
D186L,D186L,IsPETase,FOLDX
D186V,D186V,IsPETase,FOLDX
DuraN233K,A214H/I168R/.../N233K,IsPETase,FOLDX
Dura_N233K,A214H/I168R/.../N233K,IsPETase,FOLDX
Dura_R224Q,A214H/I168R/.../R224Q,IsPETase,FOLDX
Dura_S121E,A214H/I168R/.../S121E,IsPETase,FOLDX
Dura_S121E+N233K,A214H/I168R/.../S121E/N233K,IsPETase,FOLDX
Dura_S121E+R224Q,A214H/I168R/.../S121E/R224Q,IsPETase,FOLDX
P181G,P181G,IsPETase,FOLDX
P181S,P181S,IsPETase,FOLDX
S121D,S121D,IsPETase,FOLDX
S121E,S121E,IsPETase,FOLDX
TM3,S121E/D186H/R280A/K95N/F201I/N233C/S282C,IsPETase,ALPHAFOLD
TS-PETase,S121E/D186H/R280A/N233C/S282C,IsPETase,ALPHAFOLD
Thermo_N233K,S121E/D186H/R280A/N233K,IsPETase,FOLDX
Thermo_R224Q,S121E/D186H/R280A/R224Q,IsPETase,FOLDX
Thermo_R224Q+N233K,S121E/D186H/R280A/R224Q/N233K,IsPETase,FOLDX
Thermo_T140D,S121E/D186H/R280A/T140D,IsPETase,FOLDX
Thermo_T140D+N233K,S121E/D186H/R280A/T140D/N233K,IsPETase,FOLDX
Thermo_T140D+R224Q,S121E/D186H/R280A/T140D/R224Q,IsPETase,FOLDX
Thermo_T140D+R224Q+N233K,S121E/D186H/R280A/T140D/R224Q/N233K,IsPETase,FOLDX
W159H/F229Y,W159H/F229Y,IsPETase,FOLDX
WP_012850775.1,,IsPETase,ALPHAFOLD
WP_012851645.1,,IsPETase,ALPHAFOLD
WP_068752972.1,,IsPETase,ALPHAFOLD
WP_083947829.1,,IsPETase,ALPHAFOLD
WP_093412886.1,,IsPETase,ALPHAFOLD
WP_104613137.1,,IsPETase,ALPHAFOLD
WP_117215036.1,,IsPETase,ALPHAFOLD
WP_119925005.1,,IsPETase,ALPHAFOLD
WT_N233K,N233K,IsPETase,FOLDX
WT_R224Q,R224Q,IsPETase,FOLDX
WT_R224Q+N233K,R224Q+N233K,IsPETase,FOLDX
WT_S121E,S121E,IsPETase,FOLDX
WT_S121E+N233K,S121E+N233K,IsPETase,FOLDX
WT_S121E+R224Q,S121E+R224Q,IsPETase,FOLDX
WT_S121E+R224Q+N233K,S121E+R224Q+N233K,IsPETase,FOLDX
WT_S121E+T140D,S121E+T140D,IsPETase,FOLDX
WT_S121E+T140D+N233K,S121E+T140D+N233K,IsPETase,FOLDX
WT_S121E+T140D+R224Q,S121E+T140D+R224Q,IsPETase,FOLDX
WT_S121E+T140D+R224Q+N233K,S121E+T140D+R224Q+N233K,IsPETase,FOLDX
WT_T140D,T140D,IsPETase,FOLDX
WT_T140D+N233K,T140D+N233K,IsPETase,FOLDX
WT_T140D+R224Q,T140D+R224Q,IsPETase,FOLDX
WT_T140D+R224Q+N233K,T140D+R224Q+N233K,IsPETase,FOLDX
D238C/S283C,D238C/S283C,LCC,FOLDX
F243I,F243I,LCC,FOLDX
F243I/D238C/S283C,F243I/D238C/S283C,LCC,FOLDX
F243I/D238C/S283C/N246D,F243I/D238C/S283C/N246D,LCC,FOLDX
F243I/D238C/S283C/N246M,F243I/D238C/S283C/N246M,LCC,FOLDX
F243I/D238C/S283C/T96M,F243I/D238C/S283C/T96M,LCC,FOLDX
F243I/D238C/S283C/Y127G,F243I/D238C/S283C/Y127G,LCC,FOLDX
F243W,F243W,LCC,FOLDX
F243W/D238C/S283C,F243W/D238C/S283C,LCC,FOLDX
F243W/D238C/S283C/N246D,F243W/D238C/S283C/N246D,LCC,FOLDX
F243W/D238C/S283C/N246M,F243W/D238C/S283C/N246M,LCC,FOLDX
F243W/D238C/S283C/T96M,F243W/D238C/S283C/T96M,LCC,FOLDX
F243W/D238C/S283C/Y127G,F243W/D238C/S283C/Y127G,LCC,FOLDX
N246D,N246D,LCC,FOLDX
N246M,N246M,LCC,FOLDX
T96M,T96M,LCC,FOLDX
Y127G,Y127G,LCC,FOLDX
A155R,A155R,CaPETase,FOLDX
A192T,A192T,CaPETase,FOLDX
A252N,A252N,CaPETase,FOLDX
A257S,A257S,CaPETase,FOLDX
G76C/A143C,G76C/A143C,CaPETase,FOLDX
L180C/A202C,L180C/A202C,CaPETase,FOLDX
M294R,M294R,CaPETase,FOLDX
N109A,N109A,CaPETase,FOLDX
P136S,P136S,CaPETase,FOLDX
R151A,R151A,CaPETase,FOLDX
R157A,R157A,CaPETase,FOLDX
R160A,R160A,CaPETase,FOLDX
R198K,R198K,CaPETase,FOLDX
R233A,R233A,CaPETase,FOLDX
R242C/S291C,R242C/S291C,CaPETase,FOLDX
T204C/R233C,T204C/R233C,CaPETase,FOLDX
T250N,T250N,CaPETase,FOLDX
T275R,T275R,CaPETase,FOLDX
T86R,T86R,CaPETase,FOLDX
V129T,V129T,CaPETase,FOLDX
V203T,V203T,CaPETase,FOLDX
F243D,F243D,BhrPETase,FOLDX
F243G,F243G,BhrPETase,FOLDX
F243I,F243I,BhrPETase,FOLDX
F243N,F243N,BhrPETase,FOLDX
F243S,F243S,BhrPETase,FOLDX
F243T,F243T,BhrPETase,FOLDX
H164E,H164E,BhrPETase,FOLDX
H164F,H164F,BhrPETase,FOLDX
H164L,H164L,BhrPETase,FOLDX
H164Q,H164Q,BhrPETase,FOLDX
H164S,H164S,BhrPETase,FOLDX
H191D,H191D,BhrPETase,FOLDX
H191L,H191L,BhrPETase,FOLDX
H191M,H191M,BhrPETase,FOLDX
H191S,H191S,BhrPETase,FOLDX
H191Y,H191Y,BhrPETase,FOLDX
H218S,H218S,BhrPETase,FOLDX
H218S/F222I (M2),H218S/F222I (M2),BhrPETase,FOLDX
M166D,M166D,BhrPETase,FOLDX
M166F,M166F,BhrPETase,FOLDX
M166L,M166L,BhrPETase,FOLDX
M166S,M166S,BhrPETase,FOLDX
W104C,W104C,BhrPETase,FOLDX
W104D,W104D,BhrPETase,FOLDX
W104G,W104G,BhrPETase,FOLDX
W104H,W104H,BhrPETase,FOLDX
W104L,W104L,BhrPETase,FOLDX
W104R,W104R,BhrPETase,FOLDX
W104S,W104S,BhrPETase,FOLDX
W190D,W190D,BhrPETase,FOLDX
W190H,W190H,BhrPETase,FOLDX
W190L,W190L,BhrPETase,FOLDX
W190M,W190M,BhrPETase,FOLDX
W190S,W190S,BhrPETase,FOLDX
